Duration,Result,Length,Index,Method,Iteration
0.00035410000000002384,1.663686267175593,200,RR,nk_complexity_rr,0
0.0005370000000000097,1.663686267175593,200,RR,nk_complexity_rr_fft,0
0.00015689999999990434,1.663686267175593,200,RR,nk_complexity_rr,1
0.00015490000000006887,1.663686267175593,200,RR,nk_complexity_rr_fft,1
0.00016129999999980882,1.663686267175593,200,RR,nk_complexity_rr,2
0.00015199999999992997,1.663686267175593,200,RR,nk_complexity_rr_fft,2
0.00012230000000013064,1.663686267175593,200,RR,nk_complexity_rr,3
0.00014100000000016877,1.663686267175593,200,RR,nk_complexity_rr_fft,3
0.00023190000000017363,1.663686267175593,200,RR,nk_complexity_rr,4
0.00016339999999992472,1.663686267175593,200,RR,nk_complexity_rr_fft,4
0.00012750000000005812,1.663686267175593,200,RR,nk_complexity_rr,5
0.0001361000000001944,1.663686267175593,200,RR,nk_complexity_rr_fft,5
0.00011890000000036594,1.663686267175593,200,RR,nk_complexity_rr,6
0.00013290000000010238,1.663686267175593,200,RR,nk_complexity_rr_fft,6
0.00012109999999987409,1.663686267175593,200,RR,nk_complexity_rr,7
0.00013730000000000686,1.663686267175593,200,RR,nk_complexity_rr_fft,7
0.00011629999999973606,1.663686267175593,200,RR,nk_complexity_rr,8
0.00012940000000005725,1.663686267175593,200,RR,nk_complexity_rr_fft,8
0.00011709999999975906,1.663686267175593,200,RR,nk_complexity_rr,9
0.0001366000000002643,1.663686267175593,200,RR,nk_complexity_rr_fft,9
0.00011609999999961929,1.663686267175593,200,RR,nk_complexity_rr,10
0.00014480000000016702,1.663686267175593,200,RR,nk_complexity_rr_fft,10
0.00011380000000027479,1.663686267175593,200,RR,nk_complexity_rr,11
0.00013089999999982282,1.663686267175593,200,RR,nk_complexity_rr_fft,11
0.00012119999999971043,1.663686267175593,200,RR,nk_complexity_rr,12
0.00013039999999975294,1.663686267175593,200,RR,nk_complexity_rr_fft,12
0.00011689999999964229,1.663686267175593,200,RR,nk_complexity_rr,13
0.00013540000000000774,1.663686267175593,200,RR,nk_complexity_rr_fft,13
0.0001172000000000395,1.663686267175593,200,RR,nk_complexity_rr,14
0.00013550000000028817,1.663686267175593,200,RR,nk_complexity_rr_fft,14
0.00012319999999998998,1.663686267175593,200,RR,nk_complexity_rr,15
0.00013689999999977331,1.663686267175593,200,RR,nk_complexity_rr_fft,15
0.00011569999999982983,1.663686267175593,200,RR,nk_complexity_rr,16
0.0001348000000001015,1.663686267175593,200,RR,nk_complexity_rr_fft,16
0.00011559999999999349,1.663686267175593,200,RR,nk_complexity_rr,17
0.00013019999999963616,1.663686267175593,200,RR,nk_complexity_rr_fft,17
0.00011269999999985458,1.663686267175593,200,RR,nk_complexity_rr,18
0.00012599999999984846,1.663686267175593,200,RR,nk_complexity_rr_fft,18
0.00012109999999987409,1.663686267175593,200,RR,nk_complexity_rr,19
0.00013230000000019615,1.663686267175593,200,RR,nk_complexity_rr_fft,19
0.00012469999999975556,1.663686267175593,200,RR,nk_complexity_rr,20
0.00013100000000010326,1.663686267175593,200,RR,nk_complexity_rr_fft,20
0.0001125000000001819,1.663686267175593,200,RR,nk_complexity_rr,21
0.00012869999999987058,1.663686267175593,200,RR,nk_complexity_rr_fft,21
0.00011429999999990059,1.663686267175593,200,RR,nk_complexity_rr,22
0.00012830000000008113,1.663686267175593,200,RR,nk_complexity_rr_fft,22
0.00011239999999990147,1.663686267175593,200,RR,nk_complexity_rr,23
0.00013800000000019352,1.663686267175593,200,RR,nk_complexity_rr_fft,23
0.00011630000000018015,1.663686267175593,200,RR,nk_complexity_rr,24
0.0001497000000001414,1.663686267175593,200,RR,nk_complexity_rr_fft,24
0.0001172000000000395,1.663686267175593,200,RR,nk_complexity_rr,25
0.00014350000000007412,1.663686267175593,200,RR,nk_complexity_rr_fft,25
0.00012290000000003687,1.663686267175593,200,RR,nk_complexity_rr,26
0.00012779999999956715,1.663686267175593,200,RR,nk_complexity_rr_fft,26
0.00011209999999994835,1.663686267175593,200,RR,nk_complexity_rr,27
0.00012999999999996348,1.663686267175593,200,RR,nk_complexity_rr_fft,27
0.00011369999999999436,1.663686267175593,200,RR,nk_complexity_rr,28
0.00012759999999989446,1.663686267175593,200,RR,nk_complexity_rr_fft,28
0.00011249999999973781,1.663686267175593,200,RR,nk_complexity_rr,29
0.0001332000000000555,1.663686267175593,200,RR,nk_complexity_rr_fft,29
0.00011390000000011113,1.663686267175593,200,RR,nk_complexity_rr,30
0.00012469999999975556,1.663686267175593,200,RR,nk_complexity_rr_fft,30
0.00011129999999992535,1.663686267175593,200,RR,nk_complexity_rr,31
0.00013079999999998648,1.663686267175593,200,RR,nk_complexity_rr_fft,31
0.00011220000000022878,1.663686267175593,200,RR,nk_complexity_rr,32
0.00012360000000022353,1.663686267175593,200,RR,nk_complexity_rr_fft,32
0.0001917000000002389,1.663686267175593,200,RR,nk_complexity_rr,33
0.0002229000000002479,1.663686267175593,200,RR,nk_complexity_rr_fft,33
0.00019000000000035655,1.663686267175593,200,RR,nk_complexity_rr,34
0.00016119999999997248,1.663686267175593,200,RR,nk_complexity_rr_fft,34
0.0001250999999999891,1.663686267175593,200,RR,nk_complexity_rr,35
0.00014039999999981845,1.663686267175593,200,RR,nk_complexity_rr_fft,35
0.00011789999999978207,1.663686267175593,200,RR,nk_complexity_rr,36
0.00014350000000007412,1.663686267175593,200,RR,nk_complexity_rr_fft,36
0.00011760000000027304,1.663686267175593,200,RR,nk_complexity_rr,37
0.00013700000000005375,1.663686267175593,200,RR,nk_complexity_rr_fft,37
0.00011189999999983158,1.663686267175593,200,RR,nk_complexity_rr,38
0.0001478999999999786,1.663686267175593,200,RR,nk_complexity_rr_fft,38
0.00011760000000027304,1.663686267175593,200,RR,nk_complexity_rr,39
0.0001319000000004067,1.663686267175593,200,RR,nk_complexity_rr_fft,39
0.00011450000000001737,1.663686267175593,200,RR,nk_complexity_rr,40
0.00012500000000015277,1.663686267175593,200,RR,nk_complexity_rr_fft,40
0.00011490000000025091,1.663686267175593,200,RR,nk_complexity_rr,41
0.00013050000000003337,1.663686267175593,200,RR,nk_complexity_rr_fft,41
0.00011099999999997223,1.663686267175593,200,RR,nk_complexity_rr,42
0.00012729999999994135,1.663686267175593,200,RR,nk_complexity_rr_fft,42
0.00011190000000027567,1.663686267175593,200,RR,nk_complexity_rr,43
0.00013309999999977506,1.663686267175593,200,RR,nk_complexity_rr_fft,43
0.000124000000000013,1.663686267175593,200,RR,nk_complexity_rr,44
0.00012489999999987234,1.663686267175593,200,RR,nk_complexity_rr_fft,44
0.00011759999999982895,1.663686267175593,200,RR,nk_complexity_rr,45
0.00013920000000000599,1.663686267175593,200,RR,nk_complexity_rr_fft,45
0.00011329999999976081,1.663686267175593,200,RR,nk_complexity_rr,46
0.0001259000000000121,1.663686267175593,200,RR,nk_complexity_rr_fft,46
0.00011309999999964404,1.663686267175593,200,RR,nk_complexity_rr,47
0.00014350000000007412,1.663686267175593,200,RR,nk_complexity_rr_fft,47
0.0001261000000001289,1.663686267175593,200,RR,nk_complexity_rr,48
0.00013180000000012626,1.663686267175593,200,RR,nk_complexity_rr_fft,48
0.00011159999999987846,1.663686267175593,200,RR,nk_complexity_rr,49
0.00012519999999982545,1.663686267175593,200,RR,nk_complexity_rr_fft,49
0.00011599999999978294,1.663686267175593,200,RR,nk_complexity_rr,50
0.00012750000000005812,1.663686267175593,200,RR,nk_complexity_rr_fft,50
0.0001180000000000625,1.663686267175593,200,RR,nk_complexity_rr,51
0.00013440000000031205,1.663686267175593,200,RR,nk_complexity_rr_fft,51
0.00012940000000005725,1.663686267175593,200,RR,nk_complexity_rr,52
0.00013439999999986796,1.663686267175593,200,RR,nk_complexity_rr_fft,52
0.00011010000000011289,1.663686267175593,200,RR,nk_complexity_rr,53
0.00012210000000001386,1.663686267175593,200,RR,nk_complexity_rr_fft,53
0.0001259000000000121,1.663686267175593,200,RR,nk_complexity_rr,54
0.00013100000000010326,1.663686267175593,200,RR,nk_complexity_rr_fft,54
0.0001180000000000625,1.663686267175593,200,RR,nk_complexity_rr,55
0.00012650000000036243,1.663686267175593,200,RR,nk_complexity_rr_fft,55
0.0001100999999996688,1.663686267175593,200,RR,nk_complexity_rr,56
0.00013580000000024128,1.663686267175593,200,RR,nk_complexity_rr_fft,56
0.00011239999999990147,1.663686267175593,200,RR,nk_complexity_rr,57
0.00012420000000012976,1.663686267175593,200,RR,nk_complexity_rr_fft,57
0.00010790000000016065,1.663686267175593,200,RR,nk_complexity_rr,58
0.00012619999999996523,1.663686267175593,200,RR,nk_complexity_rr_fft,58
0.00011030000000022966,1.663686267175593,200,RR,nk_complexity_rr,59
0.00012439999999980245,1.663686267175593,200,RR,nk_complexity_rr_fft,59
0.00011090000000013589,1.663686267175593,200,RR,nk_complexity_rr,60
0.00012990000000012714,1.663686267175593,200,RR,nk_complexity_rr_fft,60
0.00011269999999985458,1.663686267175593,200,RR,nk_complexity_rr,61
0.00012409999999984933,1.663686267175593,200,RR,nk_complexity_rr_fft,61
0.00010969999999987934,1.663686267175593,200,RR,nk_complexity_rr,62
0.00012670000000003512,1.663686267175593,200,RR,nk_complexity_rr_fft,62
0.0001116999999997148,1.663686267175593,200,RR,nk_complexity_rr,63
0.00012539999999994222,1.663686267175593,200,RR,nk_complexity_rr_fft,63
0.00011019999999994923,1.663686267175593,200,RR,nk_complexity_rr,64
0.00012310000000015364,1.663686267175593,200,RR,nk_complexity_rr_fft,64
0.0001078000000003243,1.663686267175593,200,RR,nk_complexity_rr,65
0.00012830000000008113,1.663686267175593,200,RR,nk_complexity_rr_fft,65
0.00015870000000006712,1.663686267175593,200,RR,nk_complexity_rr,66
0.00015239999999971943,1.663686267175593,200,RR,nk_complexity_rr_fft,66
0.00011600000000022703,1.663686267175593,200,RR,nk_complexity_rr,67
0.00012710000000026866,1.663686267175593,200,RR,nk_complexity_rr_fft,67
0.0001242999999999661,1.663686267175593,200,RR,nk_complexity_rr,68
0.00012100000000003774,1.663686267175593,200,RR,nk_complexity_rr_fft,68
0.00010809999999983333,1.663686267175593,200,RR,nk_complexity_rr,69
0.00013199999999979894,1.663686267175593,200,RR,nk_complexity_rr_fft,69
0.0001137999999998307,1.663686267175593,200,RR,nk_complexity_rr,70
0.0001492000000000715,1.663686267175593,200,RR,nk_complexity_rr_fft,70
0.00011810000000034293,1.663686267175593,200,RR,nk_complexity_rr,71
0.00014099999999972468,1.663686267175593,200,RR,nk_complexity_rr_fft,71
0.00010760000000020753,1.663686267175593,200,RR,nk_complexity_rr,72
0.00013929999999984233,1.663686267175593,200,RR,nk_complexity_rr_fft,72
0.00010980000000015977,1.663686267175593,200,RR,nk_complexity_rr,73
0.0001221999999998502,1.663686267175593,200,RR,nk_complexity_rr_fft,73
0.00010810000000027742,1.663686267175593,200,RR,nk_complexity_rr,74
0.00012339999999966267,1.663686267175593,200,RR,nk_complexity_rr_fft,74
0.00021300000000001873,1.663686267175593,200,RR,nk_complexity_rr,75
0.0001318999999999626,1.663686267175593,200,RR,nk_complexity_rr_fft,75
0.00011239999999990147,1.663686267175593,200,RR,nk_complexity_rr,76
0.000124000000000013,1.663686267175593,200,RR,nk_complexity_rr_fft,76
0.00010720000000041807,1.663686267175593,200,RR,nk_complexity_rr,77
0.00012959999999972993,1.663686267175593,200,RR,nk_complexity_rr_fft,77
0.00012079999999992097,1.663686267175593,200,RR,nk_complexity_rr,78
0.0001411000000000051,1.663686267175593,200,RR,nk_complexity_rr_fft,78
0.00011439999999973693,1.663686267175593,200,RR,nk_complexity_rr,79
0.00012530000000010588,1.663686267175593,200,RR,nk_complexity_rr_fft,79
0.00010929999999964579,1.663686267175593,200,RR,nk_complexity_rr,80
0.00012339999999966267,1.663686267175593,200,RR,nk_complexity_rr_fft,80
0.00010799999999999699,1.663686267175593,200,RR,nk_complexity_rr,81
0.00013260000000014927,1.663686267175593,200,RR,nk_complexity_rr_fft,81
0.00010889999999985633,1.663686267175593,200,RR,nk_complexity_rr,82
0.0001234999999999431,1.663686267175593,200,RR,nk_complexity_rr_fft,82
0.00011410000000022791,1.663686267175593,200,RR,nk_complexity_rr,83
0.000125600000000059,1.663686267175593,200,RR,nk_complexity_rr_fft,83
0.00010850000000006688,1.663686267175593,200,RR,nk_complexity_rr,84
0.00012809999999996435,1.663686267175593,200,RR,nk_complexity_rr_fft,84
0.00010900000000013677,1.663686267175593,200,RR,nk_complexity_rr,85
0.00013260000000014927,1.663686267175593,200,RR,nk_complexity_rr_fft,85
0.00011420000000006425,1.663686267175593,200,RR,nk_complexity_rr,86
0.0001225000000002474,1.663686267175593,200,RR,nk_complexity_rr_fft,86
0.00010820000000011376,1.663686267175593,200,RR,nk_complexity_rr,87
0.00012879999999970693,1.663686267175593,200,RR,nk_complexity_rr_fft,87
0.00010900000000013677,1.663686267175593,200,RR,nk_complexity_rr,88
0.00016240000000022903,1.663686267175593,200,RR,nk_complexity_rr_fft,88
0.00016009999999999636,1.663686267175593,200,RR,nk_complexity_rr,89
0.00012780000000001124,1.663686267175593,200,RR,nk_complexity_rr_fft,89
0.00010999999999983245,1.663686267175593,200,RR,nk_complexity_rr,90
0.00012450000000008288,1.663686267175593,200,RR,nk_complexity_rr_fft,90
0.00010980000000015977,1.663686267175593,200,RR,nk_complexity_rr,91
0.00013200000000024303,1.663686267175593,200,RR,nk_complexity_rr_fft,91
0.00010969999999987934,1.663686267175593,200,RR,nk_complexity_rr,92
0.00012319999999998998,1.663686267175593,200,RR,nk_complexity_rr_fft,92
0.00011459999999985371,1.663686267175593,200,RR,nk_complexity_rr,93
0.00012569999999989534,1.663686267175593,200,RR,nk_complexity_rr_fft,93
0.00010779999999988021,1.663686267175593,200,RR,nk_complexity_rr,94
0.00012869999999987058,1.663686267175593,200,RR,nk_complexity_rr_fft,94
0.00010900000000013677,1.663686267175593,200,RR,nk_complexity_rr,95
0.00012759999999989446,1.663686267175593,200,RR,nk_complexity_rr_fft,95
0.00023950000000017013,1.663686267175593,200,RR,nk_complexity_rr,96
0.0001466000000003298,1.663686267175593,200,RR,nk_complexity_rr_fft,96
0.00012520000000026954,1.663686267175593,200,RR,nk_complexity_rr,97
0.00013129999999961228,1.663686267175593,200,RR,nk_complexity_rr_fft,97
0.0001116999999997148,1.663686267175593,200,RR,nk_complexity_rr,98
0.00012600000000029254,1.663686267175593,200,RR,nk_complexity_rr_fft,98
0.00011010000000011289,1.663686267175593,200,RR,nk_complexity_rr,99
0.0001284999999997538,1.663686267175593,200,RR,nk_complexity_rr_fft,99
0.00015119999999990696,1.5199883751690157,430,RR,nk_complexity_rr,0
0.00025869999999983406,1.5199883751690157,430,RR,nk_complexity_rr_fft,0
0.00016710000000008662,1.5199883751690157,430,RR,nk_complexity_rr,1
0.00020250000000032742,1.5199883751690157,430,RR,nk_complexity_rr_fft,1
0.00013909999999972555,1.5199883751690157,430,RR,nk_complexity_rr,2
0.0002047999999996719,1.5199883751690157,430,RR,nk_complexity_rr_fft,2
0.0001369000000002174,1.5199883751690157,430,RR,nk_complexity_rr,3
0.0002006000000003283,1.5199883751690157,430,RR,nk_complexity_rr_fft,3
0.0001360999999997503,1.5199883751690157,430,RR,nk_complexity_rr,4
0.00020549999999985857,1.5199883751690157,430,RR,nk_complexity_rr_fft,4
0.00013780000000007675,1.5199883751690157,430,RR,nk_complexity_rr,5
0.00019790000000030616,1.5199883751690157,430,RR,nk_complexity_rr_fft,5
0.0001385000000002634,1.5199883751690157,430,RR,nk_complexity_rr,6
0.0002053000000001859,1.5199883751690157,430,RR,nk_complexity_rr_fft,6
0.00014009999999986533,1.5199883751690157,430,RR,nk_complexity_rr,7
0.00019710000000028316,1.5199883751690157,430,RR,nk_complexity_rr_fft,7
0.00013340000000017227,1.5199883751690157,430,RR,nk_complexity_rr,8
0.00019860000000004874,1.5199883751690157,430,RR,nk_complexity_rr_fft,8
0.00016209999999983182,1.5199883751690157,430,RR,nk_complexity_rr,9
0.00019949999999990808,1.5199883751690157,430,RR,nk_complexity_rr_fft,9
0.00013890000000005287,1.5199883751690157,430,RR,nk_complexity_rr,10
0.00021180000000020627,1.5199883751690157,430,RR,nk_complexity_rr_fft,10
0.00013960000000023953,1.5199883751690157,430,RR,nk_complexity_rr,11
0.00020039999999976743,1.5199883751690157,430,RR,nk_complexity_rr_fft,11
0.0001394999999999591,1.5199883751690157,430,RR,nk_complexity_rr,12
0.00020170000000030441,1.5199883751690157,430,RR,nk_complexity_rr_fft,12
0.0001361000000001944,1.5199883751690157,430,RR,nk_complexity_rr,13
0.0002002999999999311,1.5199883751690157,430,RR,nk_complexity_rr_fft,13
0.00013649999999998386,1.5199883751690157,430,RR,nk_complexity_rr,14
0.00020360000000030354,1.5199883751690157,430,RR,nk_complexity_rr_fft,14
0.00019750000000007262,1.5199883751690157,430,RR,nk_complexity_rr,15
0.0002078999999999276,1.5199883751690157,430,RR,nk_complexity_rr_fft,15
0.000140000000000029,1.5199883751690157,430,RR,nk_complexity_rr,16
0.0001989999999998382,1.5199883751690157,430,RR,nk_complexity_rr_fft,16
0.00013799999999974943,1.5199883751690157,430,RR,nk_complexity_rr,17
0.00019530000000012038,1.5199883751690157,430,RR,nk_complexity_rr_fft,17
0.00013559999999968042,1.5199883751690157,430,RR,nk_complexity_rr,18
0.00020459999999999923,1.5199883751690157,430,RR,nk_complexity_rr_fft,18
0.00013769999999979632,1.5199883751690157,430,RR,nk_complexity_rr,19
0.0002108000000000665,1.5199883751690157,430,RR,nk_complexity_rr_fft,19
0.00013599999999991397,1.5199883751690157,430,RR,nk_complexity_rr,20
0.0002014000000003513,1.5199883751690157,430,RR,nk_complexity_rr_fft,20
0.00013510000000005462,1.5199883751690157,430,RR,nk_complexity_rr,21
0.00020500000000023277,1.5199883751690157,430,RR,nk_complexity_rr_fft,21
0.00014069999999977156,1.5199883751690157,430,RR,nk_complexity_rr,22
0.00019750000000007262,1.5199883751690157,430,RR,nk_complexity_rr_fft,22
0.00013439999999986796,1.5199883751690157,430,RR,nk_complexity_rr,23
0.00021069999999978606,1.5199883751690157,430,RR,nk_complexity_rr_fft,23
0.00013640000000014751,1.5199883751690157,430,RR,nk_complexity_rr,24
0.00019940000000007174,1.5199883751690157,430,RR,nk_complexity_rr_fft,24
0.00013810000000002987,1.5199883751690157,430,RR,nk_complexity_rr,25
0.00020279999999983644,1.5199883751690157,430,RR,nk_complexity_rr_fft,25
0.00013750000000012363,1.5199883751690157,430,RR,nk_complexity_rr,26
0.0002257999999999427,1.5199883751690157,430,RR,nk_complexity_rr_fft,26
0.00013720000000017052,1.5199883751690157,430,RR,nk_complexity_rr,27
0.00020179999999969667,1.5199883751690157,430,RR,nk_complexity_rr_fft,27
0.00013519999999989096,1.5199883751690157,430,RR,nk_complexity_rr,28
0.00020230000000021064,1.5199883751690157,430,RR,nk_complexity_rr_fft,28
0.00013689999999977331,1.5199883751690157,430,RR,nk_complexity_rr,29
0.0002241999999998967,1.5199883751690157,430,RR,nk_complexity_rr_fft,29
0.00014050000000009888,1.5199883751690157,430,RR,nk_complexity_rr,30
0.00021009999999987983,1.5199883751690157,430,RR,nk_complexity_rr_fft,30
0.0001980000000001425,1.5199883751690157,430,RR,nk_complexity_rr,31
0.0002014000000003513,1.5199883751690157,430,RR,nk_complexity_rr_fft,31
0.00013970000000007587,1.5199883751690157,430,RR,nk_complexity_rr,32
0.0002053000000001859,1.5199883751690157,430,RR,nk_complexity_rr_fft,32
0.00020080000000000098,1.5199883751690157,430,RR,nk_complexity_rr,33
0.00020050000000004786,1.5199883751690157,430,RR,nk_complexity_rr_fft,33
0.00013640000000014751,1.5199883751690157,430,RR,nk_complexity_rr,34
0.0002133999999998082,1.5199883751690157,430,RR,nk_complexity_rr_fft,34
0.00016060000000006625,1.5199883751690157,430,RR,nk_complexity_rr,35
0.00020329999999990633,1.5199883751690157,430,RR,nk_complexity_rr_fft,35
0.00014860000000016527,1.5199883751690157,430,RR,nk_complexity_rr,36
0.000221600000000155,1.5199883751690157,430,RR,nk_complexity_rr_fft,36
0.00014100000000016877,1.5199883751690157,430,RR,nk_complexity_rr,37
0.00021169999999992584,1.5199883751690157,430,RR,nk_complexity_rr_fft,37
0.00013749999999967955,1.5199883751690157,430,RR,nk_complexity_rr,38
0.00020279999999983644,1.5199883751690157,430,RR,nk_complexity_rr_fft,38
0.00013780000000007675,1.5199883751690157,430,RR,nk_complexity_rr,39
0.0001972000000001195,1.5199883751690157,430,RR,nk_complexity_rr_fft,39
0.00013620000000003074,1.5199883751690157,430,RR,nk_complexity_rr,40
0.00021319999999969141,1.5199883751690157,430,RR,nk_complexity_rr_fft,40
0.0001356000000001245,1.5199883751690157,430,RR,nk_complexity_rr,41
0.00019789999999986208,1.5199883751690157,430,RR,nk_complexity_rr_fft,41
0.0001326999999999856,1.5199883751690157,430,RR,nk_complexity_rr,42
0.00020299999999995322,1.5199883751690157,430,RR,nk_complexity_rr_fft,42
0.0001394999999999591,1.5199883751690157,430,RR,nk_complexity_rr,43
0.00019870000000032917,1.5199883751690157,430,RR,nk_complexity_rr_fft,43
0.0001505000000001644,1.5199883751690157,430,RR,nk_complexity_rr,44
0.0002002999999999311,1.5199883751690157,430,RR,nk_complexity_rr_fft,44
0.0001356000000001245,1.5199883751690157,430,RR,nk_complexity_rr,45
0.00019680000000033004,1.5199883751690157,430,RR,nk_complexity_rr_fft,45
0.00014090000000033243,1.5199883751690157,430,RR,nk_complexity_rr,46
0.00022950000000010462,1.5199883751690157,430,RR,nk_complexity_rr_fft,46
0.00013880000000021653,1.5199883751690157,430,RR,nk_complexity_rr,47
0.00019539999999995672,1.5199883751690157,430,RR,nk_complexity_rr_fft,47
0.00013970000000007587,1.5199883751690157,430,RR,nk_complexity_rr,48
0.0002002999999999311,1.5199883751690157,430,RR,nk_complexity_rr_fft,48
0.0001357999999997972,1.5199883751690157,430,RR,nk_complexity_rr,49
0.0002089999999999037,1.5199883751690157,430,RR,nk_complexity_rr_fft,49
0.0001421000000001449,1.5199883751690157,430,RR,nk_complexity_rr,50
0.00023630000000007811,1.5199883751690157,430,RR,nk_complexity_rr_fft,50
0.00016879999999996897,1.5199883751690157,430,RR,nk_complexity_rr,51
0.00025900000000023127,1.5199883751690157,430,RR,nk_complexity_rr_fft,51
0.0001378999999999131,1.5199883751690157,430,RR,nk_complexity_rr,52
0.0001976999999997453,1.5199883751690157,430,RR,nk_complexity_rr_fft,52
0.00013359999999984495,1.5199883751690157,430,RR,nk_complexity_rr,53
0.0002065999999998347,1.5199883751690157,430,RR,nk_complexity_rr_fft,53
0.0001373999999998432,1.5199883751690157,430,RR,nk_complexity_rr,54
0.00019900000000028228,1.5199883751690157,430,RR,nk_complexity_rr_fft,54
0.00013520000000033505,1.5199883751690157,430,RR,nk_complexity_rr,55
0.00020209999999964978,1.5199883751690157,430,RR,nk_complexity_rr_fft,55
0.00013469999999982107,1.5199883751690157,430,RR,nk_complexity_rr,56
0.00019739999999979219,1.5199883751690157,430,RR,nk_complexity_rr_fft,56
0.00013620000000003074,1.5199883751690157,430,RR,nk_complexity_rr,57
0.0001998000000003053,1.5199883751690157,430,RR,nk_complexity_rr_fft,57
0.00013569999999996085,1.5199883751690157,430,RR,nk_complexity_rr,58
0.00019610000000014338,1.5199883751690157,430,RR,nk_complexity_rr_fft,58
0.00014490000000000336,1.5199883751690157,430,RR,nk_complexity_rr,59
0.00020249999999988333,1.5199883751690157,430,RR,nk_complexity_rr_fft,59
0.00013590000000007763,1.5199883751690157,430,RR,nk_complexity_rr,60
0.00019629999999981607,1.5199883751690157,430,RR,nk_complexity_rr_fft,60
0.00013440000000031205,1.5199883751690157,430,RR,nk_complexity_rr,61
0.00020679999999995147,1.5199883751690157,430,RR,nk_complexity_rr_fft,61
0.00013620000000003074,1.5199883751690157,430,RR,nk_complexity_rr,62
0.00019700000000000273,1.5199883751690157,430,RR,nk_complexity_rr_fft,62
0.00013979999999991222,1.5199883751690157,430,RR,nk_complexity_rr,63
0.0002013999999999072,1.5199883751690157,430,RR,nk_complexity_rr_fft,63
0.00013630000000031117,1.5199883751690157,430,RR,nk_complexity_rr,64
0.00019619999999997972,1.5199883751690157,430,RR,nk_complexity_rr_fft,64
0.00013489999999993785,1.5199883751690157,430,RR,nk_complexity_rr,65
0.00020370000000013988,1.5199883751690157,430,RR,nk_complexity_rr_fft,65
0.00013540000000000774,1.5199883751690157,430,RR,nk_complexity_rr,66
0.00019799999999969842,1.5199883751690157,430,RR,nk_complexity_rr_fft,66
0.00013700000000005375,1.5199883751690157,430,RR,nk_complexity_rr,67
0.00021389999999987808,1.5199883751690157,430,RR,nk_complexity_rr_fft,67
0.00014070000000021565,1.5199883751690157,430,RR,nk_complexity_rr,68
0.00019949999999990808,1.5199883751690157,430,RR,nk_complexity_rr_fft,68
0.00013829999999970255,1.5199883751690157,430,RR,nk_complexity_rr,69
0.0002140000000001585,1.5199883751690157,430,RR,nk_complexity_rr_fft,69
0.00014180000000019177,1.5199883751690157,430,RR,nk_complexity_rr,70
0.00021210000000015938,1.5199883751690157,430,RR,nk_complexity_rr_fft,70
0.00013750000000012363,1.5199883751690157,430,RR,nk_complexity_rr,71
0.00019679999999988596,1.5199883751690157,430,RR,nk_complexity_rr_fft,71
0.00014570000000002636,1.5199883751690157,430,RR,nk_complexity_rr,72
0.00019999999999997797,1.5199883751690157,430,RR,nk_complexity_rr_fft,72
0.00013830000000014664,1.5199883751690157,430,RR,nk_complexity_rr,73
0.00020549999999985857,1.5199883751690157,430,RR,nk_complexity_rr_fft,73
0.00013799999999974943,1.5199883751690157,430,RR,nk_complexity_rr,74
0.00020440000000032654,1.5199883751690157,430,RR,nk_complexity_rr_fft,74
0.00014550000000035368,1.5199883751690157,430,RR,nk_complexity_rr,75
0.00020619999999960115,1.5199883751690157,430,RR,nk_complexity_rr_fft,75
0.0001389999999998892,1.5199883751690157,430,RR,nk_complexity_rr,76
0.00019959999999974443,1.5199883751690157,430,RR,nk_complexity_rr_fft,76
0.00014380000000002724,1.5199883751690157,430,RR,nk_complexity_rr,77
0.0002036999999996958,1.5199883751690157,430,RR,nk_complexity_rr_fft,77
0.00013760000000040407,1.5199883751690157,430,RR,nk_complexity_rr,78
0.00019940000000007174,1.5199883751690157,430,RR,nk_complexity_rr_fft,78
0.00013720000000017052,1.5199883751690157,430,RR,nk_complexity_rr,79
0.0002073999999998577,1.5199883751690157,430,RR,nk_complexity_rr_fft,79
0.00013890000000005287,1.5199883751690157,430,RR,nk_complexity_rr,80
0.00019959999999974443,1.5199883751690157,430,RR,nk_complexity_rr_fft,80
0.00013299999999993872,1.5199883751690157,430,RR,nk_complexity_rr,81
0.0002027000000000001,1.5199883751690157,430,RR,nk_complexity_rr_fft,81
0.00013829999999970255,1.5199883751690157,430,RR,nk_complexity_rr,82
0.0001998000000003053,1.5199883751690157,430,RR,nk_complexity_rr_fft,82
0.00014380000000002724,1.5199883751690157,430,RR,nk_complexity_rr,83
0.00020290000000011688,1.5199883751690157,430,RR,nk_complexity_rr_fft,83
0.0001381999999998662,1.5199883751690157,430,RR,nk_complexity_rr,84
0.00020080000000000098,1.5199883751690157,430,RR,nk_complexity_rr_fft,84
0.00014459999999960615,1.5199883751690157,430,RR,nk_complexity_rr,85
0.00020779999999964716,1.5199883751690157,430,RR,nk_complexity_rr_fft,85
0.00013860000000009975,1.5199883751690157,430,RR,nk_complexity_rr,86
0.00019970000000002486,1.5199883751690157,430,RR,nk_complexity_rr_fft,86
0.00014390000000030767,1.5199883751690157,430,RR,nk_complexity_rr,87
0.0002052999999997418,1.5199883751690157,430,RR,nk_complexity_rr_fft,87
0.00013979999999991222,1.5199883751690157,430,RR,nk_complexity_rr,88
0.00019970000000002486,1.5199883751690157,430,RR,nk_complexity_rr_fft,88
0.00013959999999979544,1.5199883751690157,430,RR,nk_complexity_rr,89
0.00020409999999992934,1.5199883751690157,430,RR,nk_complexity_rr_fft,89
0.00013550000000028817,1.5199883751690157,430,RR,nk_complexity_rr,90
0.00020170000000030441,1.5199883751690157,430,RR,nk_complexity_rr_fft,90
0.0001694000000003193,1.5199883751690157,430,RR,nk_complexity_rr,91
0.0002204999999997348,1.5199883751690157,430,RR,nk_complexity_rr_fft,91
0.0001462999999999326,1.5199883751690157,430,RR,nk_complexity_rr,92
0.00020340000000018676,1.5199883751690157,430,RR,nk_complexity_rr_fft,92
0.00014300000000000423,1.5199883751690157,430,RR,nk_complexity_rr,93
0.00020849999999983382,1.5199883751690157,430,RR,nk_complexity_rr_fft,93
0.00014139999999995823,1.5199883751690157,430,RR,nk_complexity_rr,94
0.00019910000000011863,1.5199883751690157,430,RR,nk_complexity_rr_fft,94
0.0001377000000002404,1.5199883751690157,430,RR,nk_complexity_rr,95
0.00020569999999997535,1.5199883751690157,430,RR,nk_complexity_rr_fft,95
0.00013849999999981932,1.5199883751690157,430,RR,nk_complexity_rr,96
0.00019999999999997797,1.5199883751690157,430,RR,nk_complexity_rr_fft,96
0.00013549999999984408,1.5199883751690157,430,RR,nk_complexity_rr,97
0.00020069999999972055,1.5199883751690157,430,RR,nk_complexity_rr_fft,97
0.00013879999999977244,1.5199883751690157,430,RR,nk_complexity_rr,98
0.00019780000000002573,1.5199883751690157,430,RR,nk_complexity_rr_fft,98
0.0001386999999999361,1.5199883751690157,430,RR,nk_complexity_rr,99
0.00020290000000011688,1.5199883751690157,430,RR,nk_complexity_rr_fft,99
0.00025110000000028165,1.6265998819818146,928,RR,nk_complexity_rr,0
0.00021010000000032392,1.6265998819818146,928,RR,nk_complexity_rr_fft,0
0.00023360000000005599,1.6265998819818146,928,RR,nk_complexity_rr,1
0.00020040000000021152,1.6265998819818146,928,RR,nk_complexity_rr_fft,1
0.00023069999999991708,1.6265998819818146,928,RR,nk_complexity_rr,2
0.00020089999999983732,1.6265998819818146,928,RR,nk_complexity_rr_fft,2
0.00022909999999987107,1.6265998819818146,928,RR,nk_complexity_rr,3
0.00019780000000002573,1.6265998819818146,928,RR,nk_complexity_rr_fft,3
0.00022609999999989583,1.6265998819818146,928,RR,nk_complexity_rr,4
0.00019869999999988508,1.6265998819818146,928,RR,nk_complexity_rr_fft,4
0.00023039999999996397,1.6265998819818146,928,RR,nk_complexity_rr,5
0.00019530000000012038,1.6265998819818146,928,RR,nk_complexity_rr_fft,5
0.00023069999999991708,1.6265998819818146,928,RR,nk_complexity_rr,6
0.00020100000000011775,1.6265998819818146,928,RR,nk_complexity_rr_fft,6
0.00022820000000001173,1.6265998819818146,928,RR,nk_complexity_rr,7
0.00019370000000007437,1.6265998819818146,928,RR,nk_complexity_rr_fft,7
0.00023090000000003386,1.6265998819818146,928,RR,nk_complexity_rr,8
0.00020069999999972055,1.6265998819818146,928,RR,nk_complexity_rr_fft,8
0.000236000000000125,1.6265998819818146,928,RR,nk_complexity_rr,9
0.00019389999999974705,1.6265998819818146,928,RR,nk_complexity_rr_fft,9
0.0002250000000003638,1.6265998819818146,928,RR,nk_complexity_rr,10
0.0001921999999998647,1.6265998819818146,928,RR,nk_complexity_rr_fft,10
0.00022810000000017538,1.6265998819818146,928,RR,nk_complexity_rr,11
0.00019389999999974705,1.6265998819818146,928,RR,nk_complexity_rr_fft,11
0.00023010000000001085,1.6265998819818146,928,RR,nk_complexity_rr,12
0.00019709999999983907,1.6265998819818146,928,RR,nk_complexity_rr_fft,12
0.00022830000000029216,1.6265998819818146,928,RR,nk_complexity_rr,13
0.0001934999999999576,1.6265998819818146,928,RR,nk_complexity_rr_fft,13
0.00023330000000010287,1.6265998819818146,928,RR,nk_complexity_rr,14
0.00019750000000007262,1.6265998819818146,928,RR,nk_complexity_rr_fft,14
0.00022570000000010637,1.6265998819818146,928,RR,nk_complexity_rr,15
0.00019310000000016814,1.6265998819818146,928,RR,nk_complexity_rr_fft,15
0.00022620000000017626,1.6265998819818146,928,RR,nk_complexity_rr,16
0.00019999999999997797,1.6265998819818146,928,RR,nk_complexity_rr_fft,16
0.00023119999999998697,1.6265998819818146,928,RR,nk_complexity_rr,17
0.00019320000000000448,1.6265998819818146,928,RR,nk_complexity_rr_fft,17
0.00022309999999992058,1.6265998819818146,928,RR,nk_complexity_rr,18
0.00019150000000012213,1.6265998819818146,928,RR,nk_complexity_rr_fft,18
0.00023010000000001085,1.6265998819818146,928,RR,nk_complexity_rr,19
0.00019340000000012125,1.6265998819818146,928,RR,nk_complexity_rr_fft,19
0.00022570000000010637,1.6265998819818146,928,RR,nk_complexity_rr,20
0.00019130000000000535,1.6265998819818146,928,RR,nk_complexity_rr_fft,20
0.00022620000000017626,1.6265998819818146,928,RR,nk_complexity_rr,21
0.00019920000000039906,1.6265998819818146,928,RR,nk_complexity_rr_fft,21
0.00022800000000033904,1.6265998819818146,928,RR,nk_complexity_rr,22
0.00019619999999997972,1.6265998819818146,928,RR,nk_complexity_rr_fft,22
0.00022720000000031604,1.6265998819818146,928,RR,nk_complexity_rr,23
0.00020020000000009475,1.6265998819818146,928,RR,nk_complexity_rr_fft,23
0.00022870000000008162,1.6265998819818146,928,RR,nk_complexity_rr,24
0.00019420000000014426,1.6265998819818146,928,RR,nk_complexity_rr_fft,24
0.00022950000000010462,1.6265998819818146,928,RR,nk_complexity_rr,25
0.0001985000000002124,1.6265998819818146,928,RR,nk_complexity_rr_fft,25
0.0002865999999999147,1.6265998819818146,928,RR,nk_complexity_rr,26
0.00021380000000004173,1.6265998819818146,928,RR,nk_complexity_rr_fft,26
0.00023879999999998347,1.6265998819818146,928,RR,nk_complexity_rr,27
0.00022919999999970742,1.6265998819818146,928,RR,nk_complexity_rr_fft,27
0.0002577999999999747,1.6265998819818146,928,RR,nk_complexity_rr,28
0.00020299999999995322,1.6265998819818146,928,RR,nk_complexity_rr_fft,28
0.00024139999999972517,1.6265998819818146,928,RR,nk_complexity_rr,29
0.00021469999999990108,1.6265998819818146,928,RR,nk_complexity_rr_fft,29
0.00026970000000003935,1.6265998819818146,928,RR,nk_complexity_rr,30
0.00022929999999998785,1.6265998819818146,928,RR,nk_complexity_rr_fft,30
0.00029620000000019076,1.6265998819818146,928,RR,nk_complexity_rr,31
0.00027759999999998897,1.6265998819818146,928,RR,nk_complexity_rr_fft,31
0.0002493999999999552,1.6265998819818146,928,RR,nk_complexity_rr,32
0.00019799999999969842,1.6265998819818146,928,RR,nk_complexity_rr_fft,32
0.00023360000000005599,1.6265998819818146,928,RR,nk_complexity_rr,33
0.00022100000000024878,1.6265998819818146,928,RR,nk_complexity_rr_fft,33
0.00023299999999970566,1.6265998819818146,928,RR,nk_complexity_rr,34
0.00019580000000019027,1.6265998819818146,928,RR,nk_complexity_rr_fft,34
0.0002356999999997278,1.6265998819818146,928,RR,nk_complexity_rr,35
0.00019879999999972142,1.6265998819818146,928,RR,nk_complexity_rr_fft,35
0.00023010000000001085,1.6265998819818146,928,RR,nk_complexity_rr,36
0.00021860000000017976,1.6265998819818146,928,RR,nk_complexity_rr_fft,36
0.00023609999999996134,1.6265998819818146,928,RR,nk_complexity_rr,37
0.00021270000000006561,1.6265998819818146,928,RR,nk_complexity_rr_fft,37
0.0002246999999999666,1.6265998819818146,928,RR,nk_complexity_rr,38
0.00020779999999964716,1.6265998819818146,928,RR,nk_complexity_rr_fft,38
0.0002402000000003568,1.6265998819818146,928,RR,nk_complexity_rr,39
0.0002043000000000461,1.6265998819818146,928,RR,nk_complexity_rr_fft,39
0.00023080000000019751,1.6265998819818146,928,RR,nk_complexity_rr,40
0.00019629999999981607,1.6265998819818146,928,RR,nk_complexity_rr_fft,40
0.00023860000000031079,1.6265998819818146,928,RR,nk_complexity_rr,41
0.00020340000000018676,1.6265998819818146,928,RR,nk_complexity_rr_fft,41
0.00031690000000006435,1.6265998819818146,928,RR,nk_complexity_rr,42
0.00021539999999964365,1.6265998819818146,928,RR,nk_complexity_rr_fft,42
0.0002797999999999412,1.6265998819818146,928,RR,nk_complexity_rr,43
0.00020120000000023452,1.6265998819818146,928,RR,nk_complexity_rr_fft,43
0.0002436000000001215,1.6265998819818146,928,RR,nk_complexity_rr,44
0.0002023999999996029,1.6265998819818146,928,RR,nk_complexity_rr_fft,44
0.00023669999999986757,1.6265998819818146,928,RR,nk_complexity_rr,45
0.00020469999999983557,1.6265998819818146,928,RR,nk_complexity_rr_fft,45
0.0002440999999997473,1.6265998819818146,928,RR,nk_complexity_rr,46
0.0002035000000000231,1.6265998819818146,928,RR,nk_complexity_rr_fft,46
0.00023639999999991446,1.6265998819818146,928,RR,nk_complexity_rr,47
0.0001998000000003053,1.6265998819818146,928,RR,nk_complexity_rr_fft,47
0.00023209999999984632,1.6265998819818146,928,RR,nk_complexity_rr,48
0.00021609999999983032,1.6265998819818146,928,RR,nk_complexity_rr_fft,48
0.00023200000000000998,1.6265998819818146,928,RR,nk_complexity_rr,49
0.0002057999999998117,1.6265998819818146,928,RR,nk_complexity_rr_fft,49
0.00022919999999970742,1.6265998819818146,928,RR,nk_complexity_rr,50
0.0001998000000003053,1.6265998819818146,928,RR,nk_complexity_rr_fft,50
0.0002377999999998437,1.6265998819818146,928,RR,nk_complexity_rr,51
0.00019890000000000185,1.6265998819818146,928,RR,nk_complexity_rr_fft,51
0.00023369999999989233,1.6265998819818146,928,RR,nk_complexity_rr,52
0.00021139999999997272,1.6265998819818146,928,RR,nk_complexity_rr_fft,52
0.00023539999999977468,1.6265998819818146,928,RR,nk_complexity_rr,53
0.00020620000000004524,1.6265998819818146,928,RR,nk_complexity_rr_fft,53
0.00023529999999993834,1.6265998819818146,928,RR,nk_complexity_rr,54
0.00019910000000011863,1.6265998819818146,928,RR,nk_complexity_rr_fft,54
0.00023639999999991446,1.6265998819818146,928,RR,nk_complexity_rr,55
0.00021130000000013638,1.6265998819818146,928,RR,nk_complexity_rr_fft,55
0.00023320000000026653,1.6265998819818146,928,RR,nk_complexity_rr,56
0.00019860000000004874,1.6265998819818146,928,RR,nk_complexity_rr_fft,56
0.00022919999999970742,1.6265998819818146,928,RR,nk_complexity_rr,57
0.00021069999999978606,1.6265998819818146,928,RR,nk_complexity_rr_fft,57
0.00023280000000003298,1.6265998819818146,928,RR,nk_complexity_rr,58
0.00020800000000020802,1.6265998819818146,928,RR,nk_complexity_rr_fft,58
0.00023499999999998522,1.6265998819818146,928,RR,nk_complexity_rr,59
0.00048369999999975377,1.6265998819818146,928,RR,nk_complexity_rr_fft,59
0.00032919999999991845,1.6265998819818146,928,RR,nk_complexity_rr,60
0.00026500000000018176,1.6265998819818146,928,RR,nk_complexity_rr_fft,60
0.00027990000000022164,1.6265998819818146,928,RR,nk_complexity_rr,61
0.00024120000000005248,1.6265998819818146,928,RR,nk_complexity_rr_fft,61
0.000266400000000111,1.6265998819818146,928,RR,nk_complexity_rr,62
0.0002364999999997508,1.6265998819818146,928,RR,nk_complexity_rr_fft,62
0.00026370000000008886,1.6265998819818146,928,RR,nk_complexity_rr,63
0.00022279999999996747,1.6265998819818146,928,RR,nk_complexity_rr_fft,63
0.00024870000000021264,1.6265998819818146,928,RR,nk_complexity_rr,64
0.00021050000000011337,1.6265998819818146,928,RR,nk_complexity_rr_fft,64
0.000249899999999581,1.6265998819818146,928,RR,nk_complexity_rr,65
0.0002112999999996923,1.6265998819818146,928,RR,nk_complexity_rr_fft,65
0.00024659999999965265,1.6265998819818146,928,RR,nk_complexity_rr,66
0.00020799999999976393,1.6265998819818146,928,RR,nk_complexity_rr_fft,66
0.00024029999999974905,1.6265998819818146,928,RR,nk_complexity_rr,67
0.00020499999999978868,1.6265998819818146,928,RR,nk_complexity_rr_fft,67
0.00024639999999997997,1.6265998819818146,928,RR,nk_complexity_rr,68
0.00020719999999974092,1.6265998819818146,928,RR,nk_complexity_rr_fft,68
0.00024639999999997997,1.6265998819818146,928,RR,nk_complexity_rr,69
0.00021269999999962153,1.6265998819818146,928,RR,nk_complexity_rr_fft,69
0.00023949999999972604,1.6265998819818146,928,RR,nk_complexity_rr,70
0.00021829999999978256,1.6265998819818146,928,RR,nk_complexity_rr_fft,70
0.00024350000000028516,1.6265998819818146,928,RR,nk_complexity_rr,71
0.0002093000000003009,1.6265998819818146,928,RR,nk_complexity_rr_fft,71
0.00023580000000000823,1.6265998819818146,928,RR,nk_complexity_rr,72
0.00020230000000021064,1.6265998819818146,928,RR,nk_complexity_rr_fft,72
0.0002393999999998897,1.6265998819818146,928,RR,nk_complexity_rr,73
0.00020249999999988333,1.6265998819818146,928,RR,nk_complexity_rr_fft,73
0.00023820000000007724,1.6265998819818146,928,RR,nk_complexity_rr,74
0.00020810000000004436,1.6265998819818146,928,RR,nk_complexity_rr_fft,74
0.00026049999999999685,1.6265998819818146,928,RR,nk_complexity_rr,75
0.00021219999999999573,1.6265998819818146,928,RR,nk_complexity_rr_fft,75
0.00039640000000007447,1.6265998819818146,928,RR,nk_complexity_rr,76
0.0002157999999998772,1.6265998819818146,928,RR,nk_complexity_rr_fft,76
0.0002423000000000286,1.6265998819818146,928,RR,nk_complexity_rr,77
0.00020569999999997535,1.6265998819818146,928,RR,nk_complexity_rr_fft,77
0.0002435999999996774,1.6265998819818146,928,RR,nk_complexity_rr,78
0.00019809999999997885,1.6265998819818146,928,RR,nk_complexity_rr_fft,78
0.00025760000000030203,1.6265998819818146,928,RR,nk_complexity_rr,79
0.00021860000000017976,1.6265998819818146,928,RR,nk_complexity_rr_fft,79
0.0002913000000002164,1.6265998819818146,928,RR,nk_complexity_rr,80
0.00020450000000016288,1.6265998819818146,928,RR,nk_complexity_rr_fft,80
0.00027700000000008274,1.6265998819818146,928,RR,nk_complexity_rr,81
0.00021049999999966928,1.6265998819818146,928,RR,nk_complexity_rr_fft,81
0.0002394000000003338,1.6265998819818146,928,RR,nk_complexity_rr,82
0.00020210000000009387,1.6265998819818146,928,RR,nk_complexity_rr_fft,82
0.00024059999999970216,1.6265998819818146,928,RR,nk_complexity_rr,83
0.0002398999999999596,1.6265998819818146,928,RR,nk_complexity_rr_fft,83
0.000249600000000072,1.6265998819818146,928,RR,nk_complexity_rr,84
0.00024029999999974905,1.6265998819818146,928,RR,nk_complexity_rr_fft,84
0.0002419999999996314,1.6265998819818146,928,RR,nk_complexity_rr,85
0.00020039999999976743,1.6265998819818146,928,RR,nk_complexity_rr_fft,85
0.00023060000000008074,1.6265998819818146,928,RR,nk_complexity_rr,86
0.00020780000000009125,1.6265998819818146,928,RR,nk_complexity_rr_fft,86
0.0002409999999999357,1.6265998819818146,928,RR,nk_complexity_rr,87
0.00020040000000021152,1.6265998819818146,928,RR,nk_complexity_rr_fft,87
0.00023850000000003035,1.6265998819818146,928,RR,nk_complexity_rr,88
0.00020510000000006912,1.6265998819818146,928,RR,nk_complexity_rr_fft,88
0.00023609999999996134,1.6265998819818146,928,RR,nk_complexity_rr,89
0.00019580000000019027,1.6265998819818146,928,RR,nk_complexity_rr_fft,89
0.00022989999999989408,1.6265998819818146,928,RR,nk_complexity_rr,90
0.00022650000000012938,1.6265998819818146,928,RR,nk_complexity_rr_fft,90
0.00024190000000023915,1.6265998819818146,928,RR,nk_complexity_rr,91
0.00022009999999994534,1.6265998819818146,928,RR,nk_complexity_rr_fft,91
0.0002275999999996614,1.6265998819818146,928,RR,nk_complexity_rr,92
0.00019539999999995672,1.6265998819818146,928,RR,nk_complexity_rr_fft,92
0.00029429999999974754,1.6265998819818146,928,RR,nk_complexity_rr,93
0.0002013999999999072,1.6265998819818146,928,RR,nk_complexity_rr_fft,93
0.00023740000000005423,1.6265998819818146,928,RR,nk_complexity_rr,94
0.00019790000000030616,1.6265998819818146,928,RR,nk_complexity_rr_fft,94
0.000252800000000164,1.6265998819818146,928,RR,nk_complexity_rr,95
0.00019949999999990808,1.6265998819818146,928,RR,nk_complexity_rr_fft,95
0.0002439000000000746,1.6265998819818146,928,RR,nk_complexity_rr,96
0.00019780000000002573,1.6265998819818146,928,RR,nk_complexity_rr_fft,96
0.00023380000000017276,1.6265998819818146,928,RR,nk_complexity_rr,97
0.00022980000000005774,1.6265998819818146,928,RR,nk_complexity_rr_fft,97
0.00024930000000011887,1.6265998819818146,928,RR,nk_complexity_rr,98
0.00020039999999976743,1.6265998819818146,928,RR,nk_complexity_rr_fft,98
0.0002377999999998437,1.6265998819818146,928,RR,nk_complexity_rr,99
0.0002086999999999506,1.6265998819818146,928,RR,nk_complexity_rr_fft,99
0.0007335999999997789,1.6058958506696408,2000,RR,nk_complexity_rr,0
0.00043219999999966063,1.6058958506696408,2000,RR,nk_complexity_rr_fft,0
0.0006670999999998095,1.6058958506696408,2000,RR,nk_complexity_rr,1
0.00034130000000009986,1.6058958506696408,2000,RR,nk_complexity_rr_fft,1
0.0006642000000001147,1.6058958506696408,2000,RR,nk_complexity_rr,2
0.00033759999999993795,1.6058958506696408,2000,RR,nk_complexity_rr_fft,2
0.0006722000000003447,1.6058958506696408,2000,RR,nk_complexity_rr,3
0.0003371999999997044,1.6058958506696408,2000,RR,nk_complexity_rr_fft,3
0.000661899999999882,1.6058958506696408,2000,RR,nk_complexity_rr,4
0.00033030000000033866,1.6058958506696408,2000,RR,nk_complexity_rr_fft,4
0.0006689999999998086,1.6058958506696408,2000,RR,nk_complexity_rr,5
0.00042700000000017724,1.6058958506696408,2000,RR,nk_complexity_rr_fft,5
0.0006713999999998777,1.6058958506696408,2000,RR,nk_complexity_rr,6
0.00033450000000012636,1.6058958506696408,2000,RR,nk_complexity_rr_fft,6
0.0006528999999999563,1.6058958506696408,2000,RR,nk_complexity_rr,7
0.0003665999999999947,1.6058958506696408,2000,RR,nk_complexity_rr_fft,7
0.0006772999999999918,1.6058958506696408,2000,RR,nk_complexity_rr,8
0.00033519999999986894,1.6058958506696408,2000,RR,nk_complexity_rr_fft,8
0.0006841999999998016,1.6058958506696408,2000,RR,nk_complexity_rr,9
0.0003497999999999557,1.6058958506696408,2000,RR,nk_complexity_rr_fft,9
0.0007031999999997929,1.6058958506696408,2000,RR,nk_complexity_rr,10
0.0003193999999999697,1.6058958506696408,2000,RR,nk_complexity_rr_fft,10
0.0006613999999998121,1.6058958506696408,2000,RR,nk_complexity_rr,11
0.00037880000000001246,1.6058958506696408,2000,RR,nk_complexity_rr_fft,11
0.0006615000000000926,1.6058958506696408,2000,RR,nk_complexity_rr,12
0.00031580000000008823,1.6058958506696408,2000,RR,nk_complexity_rr_fft,12
0.0006334999999997315,1.6058958506696408,2000,RR,nk_complexity_rr,13
0.0003326999999999636,1.6058958506696408,2000,RR,nk_complexity_rr_fft,13
0.0006527000000002836,1.6058958506696408,2000,RR,nk_complexity_rr,14
0.000316000000000205,1.6058958506696408,2000,RR,nk_complexity_rr_fft,14
0.0006359000000002446,1.6058958506696408,2000,RR,nk_complexity_rr,15
0.00031159999999985644,1.6058958506696408,2000,RR,nk_complexity_rr_fft,15
0.0006308999999999898,1.6058958506696408,2000,RR,nk_complexity_rr,16
0.00032629999999977954,1.6058958506696408,2000,RR,nk_complexity_rr_fft,16
0.0006651999999998104,1.6058958506696408,2000,RR,nk_complexity_rr,17
0.00034309999999981855,1.6058958506696408,2000,RR,nk_complexity_rr_fft,17
0.0006485999999998882,1.6058958506696408,2000,RR,nk_complexity_rr,18
0.00032819999999977867,1.6058958506696408,2000,RR,nk_complexity_rr_fft,18
0.0006538000000002597,1.6058958506696408,2000,RR,nk_complexity_rr,19
0.00032080000000034303,1.6058958506696408,2000,RR,nk_complexity_rr_fft,19
0.0006484000000002155,1.6058958506696408,2000,RR,nk_complexity_rr,20
0.00032609999999966277,1.6058958506696408,2000,RR,nk_complexity_rr_fft,20
0.0006534000000000262,1.6058958506696408,2000,RR,nk_complexity_rr,21
0.0003207000000000626,1.6058958506696408,2000,RR,nk_complexity_rr_fft,21
0.0006434000000004048,1.6058958506696408,2000,RR,nk_complexity_rr,22
0.0003529000000002114,1.6058958506696408,2000,RR,nk_complexity_rr_fft,22
0.0006502999999997705,1.6058958506696408,2000,RR,nk_complexity_rr,23
0.0003280999999999423,1.6058958506696408,2000,RR,nk_complexity_rr_fft,23
0.0006637000000000448,1.6058958506696408,2000,RR,nk_complexity_rr,24
0.00033309999999975304,1.6058958506696408,2000,RR,nk_complexity_rr_fft,24
0.0006780000000001785,1.6058958506696408,2000,RR,nk_complexity_rr,25
0.0003217000000002024,1.6058958506696408,2000,RR,nk_complexity_rr_fft,25
0.0006455000000000766,1.6058958506696408,2000,RR,nk_complexity_rr,26
0.0003301000000002219,1.6058958506696408,2000,RR,nk_complexity_rr_fft,26
0.0006514000000001907,1.6058958506696408,2000,RR,nk_complexity_rr,27
0.0003511000000000486,1.6058958506696408,2000,RR,nk_complexity_rr_fft,27
0.0006545999999998386,1.6058958506696408,2000,RR,nk_complexity_rr,28
0.000344000000000122,1.6058958506696408,2000,RR,nk_complexity_rr_fft,28
0.0006435000000002411,1.6058958506696408,2000,RR,nk_complexity_rr,29
0.00031720000000001747,1.6058958506696408,2000,RR,nk_complexity_rr_fft,29
0.0006316000000001765,1.6058958506696408,2000,RR,nk_complexity_rr,30
0.00031479999999994845,1.6058958506696408,2000,RR,nk_complexity_rr_fft,30
0.0006506000000001677,1.6058958506696408,2000,RR,nk_complexity_rr,31
0.00033649999999996183,1.6058958506696408,2000,RR,nk_complexity_rr_fft,31
0.0006422999999999845,1.6058958506696408,2000,RR,nk_complexity_rr,32
0.00035119999999988494,1.6058958506696408,2000,RR,nk_complexity_rr_fft,32
0.0006323000000003631,1.6058958506696408,2000,RR,nk_complexity_rr,33
0.00031919999999985293,1.6058958506696408,2000,RR,nk_complexity_rr_fft,33
0.0006435000000002411,1.6058958506696408,2000,RR,nk_complexity_rr,34
0.00033530000000014937,1.6058958506696408,2000,RR,nk_complexity_rr_fft,34
0.0007450000000002177,1.6058958506696408,2000,RR,nk_complexity_rr,35
0.0003175999999998069,1.6058958506696408,2000,RR,nk_complexity_rr_fft,35
0.0006300000000001305,1.6058958506696408,2000,RR,nk_complexity_rr,36
0.00031300000000022976,1.6058958506696408,2000,RR,nk_complexity_rr_fft,36
0.0006356000000002915,1.6058958506696408,2000,RR,nk_complexity_rr,37
0.00031770000000008736,1.6058958506696408,2000,RR,nk_complexity_rr_fft,37
0.0006678999999998325,1.6058958506696408,2000,RR,nk_complexity_rr,38
0.0003131000000000661,1.6058958506696408,2000,RR,nk_complexity_rr_fft,38
0.0006308000000001535,1.6058958506696408,2000,RR,nk_complexity_rr,39
0.00032889999999996533,1.6058958506696408,2000,RR,nk_complexity_rr_fft,39
0.0006310999999996625,1.6058958506696408,2000,RR,nk_complexity_rr,40
0.0003134000000000192,1.6058958506696408,2000,RR,nk_complexity_rr_fft,40
0.0006252999999998288,1.6058958506696408,2000,RR,nk_complexity_rr,41
0.000310400000000044,1.6058958506696408,2000,RR,nk_complexity_rr_fft,41
0.0006363999999998704,1.6058958506696408,2000,RR,nk_complexity_rr,42
0.00031720000000001747,1.6058958506696408,2000,RR,nk_complexity_rr_fft,42
0.000673899999999783,1.6058958506696408,2000,RR,nk_complexity_rr,43
0.00034629999999991057,1.6058958506696408,2000,RR,nk_complexity_rr_fft,43
0.0006298000000000137,1.6058958506696408,2000,RR,nk_complexity_rr,44
0.00031170000000013687,1.6058958506696408,2000,RR,nk_complexity_rr_fft,44
0.0006333999999998952,1.6058958506696408,2000,RR,nk_complexity_rr,45
0.0003167999999997839,1.6058958506696408,2000,RR,nk_complexity_rr_fft,45
0.0006387999999999394,1.6058958506696408,2000,RR,nk_complexity_rr,46
0.00032079999999989894,1.6058958506696408,2000,RR,nk_complexity_rr_fft,46
0.0006374999999998465,1.6058958506696408,2000,RR,nk_complexity_rr,47
0.00031509999999990157,1.6058958506696408,2000,RR,nk_complexity_rr_fft,47
0.0006441000000001473,1.6058958506696408,2000,RR,nk_complexity_rr,48
0.0003268999999996858,1.6058958506696408,2000,RR,nk_complexity_rr_fft,48
0.0006314000000000597,1.6058958506696408,2000,RR,nk_complexity_rr,49
0.00032549999999975654,1.6058958506696408,2000,RR,nk_complexity_rr_fft,49
0.0006481999999996546,1.6058958506696408,2000,RR,nk_complexity_rr,50
0.00031949999999980605,1.6058958506696408,2000,RR,nk_complexity_rr_fft,50
0.0006271999999998279,1.6058958506696408,2000,RR,nk_complexity_rr,51
0.0003217000000002024,1.6058958506696408,2000,RR,nk_complexity_rr_fft,51
0.0006422000000001482,1.6058958506696408,2000,RR,nk_complexity_rr,52
0.0003201999999999927,1.6058958506696408,2000,RR,nk_complexity_rr_fft,52
0.0006433000000001243,1.6058958506696408,2000,RR,nk_complexity_rr,53
0.0003253999999999202,1.6058958506696408,2000,RR,nk_complexity_rr_fft,53
0.0006574000000001412,1.6058958506696408,2000,RR,nk_complexity_rr,54
0.00031690000000006435,1.6058958506696408,2000,RR,nk_complexity_rr_fft,54
0.0006483999999997714,1.6058958506696408,2000,RR,nk_complexity_rr,55
0.0003258999999999901,1.6058958506696408,2000,RR,nk_complexity_rr_fft,55
0.0006303999999999199,1.6058958506696408,2000,RR,nk_complexity_rr,56
0.0003172999999998538,1.6058958506696408,2000,RR,nk_complexity_rr_fft,56
0.0006587000000002341,1.6058958506696408,2000,RR,nk_complexity_rr,57
0.00032560000000003697,1.6058958506696408,2000,RR,nk_complexity_rr_fft,57
0.0006517999999999802,1.6058958506696408,2000,RR,nk_complexity_rr,58
0.00032599999999982643,1.6058958506696408,2000,RR,nk_complexity_rr_fft,58
0.0006590000000001872,1.6058958506696408,2000,RR,nk_complexity_rr,59
0.00032450000000006085,1.6058958506696408,2000,RR,nk_complexity_rr_fft,59
0.0006613999999998121,1.6058958506696408,2000,RR,nk_complexity_rr,60
0.00035700000000016274,1.6058958506696408,2000,RR,nk_complexity_rr_fft,60
0.0006458000000000297,1.6058958506696408,2000,RR,nk_complexity_rr,61
0.00031820000000015725,1.6058958506696408,2000,RR,nk_complexity_rr_fft,61
0.0006593999999999767,1.6058958506696408,2000,RR,nk_complexity_rr,62
0.00033450000000012636,1.6058958506696408,2000,RR,nk_complexity_rr_fft,62
0.0006491999999997944,1.6058958506696408,2000,RR,nk_complexity_rr,63
0.0003250999999999671,1.6058958506696408,2000,RR,nk_complexity_rr_fft,63
0.0006517999999999802,1.6058958506696408,2000,RR,nk_complexity_rr,64
0.0003242999999999441,1.6058958506696408,2000,RR,nk_complexity_rr_fft,64
0.000653600000000143,1.6058958506696408,2000,RR,nk_complexity_rr,65
0.0003239000000001546,1.6058958506696408,2000,RR,nk_complexity_rr_fft,65
0.0006439999999998669,1.6058958506696408,2000,RR,nk_complexity_rr,66
0.00032469999999973354,1.6058958506696408,2000,RR,nk_complexity_rr_fft,66
0.0006580000000000474,1.6058958506696408,2000,RR,nk_complexity_rr,67
0.00031690000000006435,1.6058958506696408,2000,RR,nk_complexity_rr_fft,67
0.0006580000000000474,1.6058958506696408,2000,RR,nk_complexity_rr,68
0.0003248999999998503,1.6058958506696408,2000,RR,nk_complexity_rr_fft,68
0.0006510999999997935,1.6058958506696408,2000,RR,nk_complexity_rr,69
0.0003511000000000486,1.6058958506696408,2000,RR,nk_complexity_rr_fft,69
0.0006479999999999819,1.6058958506696408,2000,RR,nk_complexity_rr,70
0.0003294000000000352,1.6058958506696408,2000,RR,nk_complexity_rr_fft,70
0.0006757999999997821,1.6058958506696408,2000,RR,nk_complexity_rr,71
0.000360000000000138,1.6058958506696408,2000,RR,nk_complexity_rr_fft,71
0.0006536999999999793,1.6058958506696408,2000,RR,nk_complexity_rr,72
0.0003267000000000131,1.6058958506696408,2000,RR,nk_complexity_rr_fft,72
0.0006569000000000713,1.6058958506696408,2000,RR,nk_complexity_rr,73
0.00032609999999966277,1.6058958506696408,2000,RR,nk_complexity_rr_fft,73
0.0006485999999998882,1.6058958506696408,2000,RR,nk_complexity_rr,74
0.0003305999999998477,1.6058958506696408,2000,RR,nk_complexity_rr_fft,74
0.0006488999999998413,1.6058958506696408,2000,RR,nk_complexity_rr,75
0.00036220000000009023,1.6058958506696408,2000,RR,nk_complexity_rr_fft,75
0.0006401000000000323,1.6058958506696408,2000,RR,nk_complexity_rr,76
0.0003258999999999901,1.6058958506696408,2000,RR,nk_complexity_rr_fft,76
0.0006566999999999545,1.6058958506696408,2000,RR,nk_complexity_rr,77
0.00033259999999968315,1.6058958506696408,2000,RR,nk_complexity_rr_fft,77
0.0006775000000001086,1.6058958506696408,2000,RR,nk_complexity_rr,78
0.0003563999999998124,1.6058958506696408,2000,RR,nk_complexity_rr_fft,78
0.0006521000000003774,1.6058958506696408,2000,RR,nk_complexity_rr,79
0.0003261999999999432,1.6058958506696408,2000,RR,nk_complexity_rr_fft,79
0.0006470000000002862,1.6058958506696408,2000,RR,nk_complexity_rr,80
0.0003227999999997344,1.6058958506696408,2000,RR,nk_complexity_rr_fft,80
0.0006387000000001031,1.6058958506696408,2000,RR,nk_complexity_rr,81
0.0003265000000003404,1.6058958506696408,2000,RR,nk_complexity_rr_fft,81
0.0006590000000001872,1.6058958506696408,2000,RR,nk_complexity_rr,82
0.00036069999999988056,1.6058958506696408,2000,RR,nk_complexity_rr_fft,82
0.0006601999999999997,1.6058958506696408,2000,RR,nk_complexity_rr,83
0.00032560000000003697,1.6058958506696408,2000,RR,nk_complexity_rr_fft,83
0.0006585000000001173,1.6058958506696408,2000,RR,nk_complexity_rr,84
0.00033099999999963714,1.6058958506696408,2000,RR,nk_complexity_rr_fft,84
0.0006540999999997688,1.6058958506696408,2000,RR,nk_complexity_rr,85
0.0003164999999998308,1.6058958506696408,2000,RR,nk_complexity_rr_fft,85
0.0006460000000001465,1.6058958506696408,2000,RR,nk_complexity_rr,86
0.0003210000000000157,1.6058958506696408,2000,RR,nk_complexity_rr_fft,86
0.0006577999999999307,1.6058958506696408,2000,RR,nk_complexity_rr,87
0.000328000000000106,1.6058958506696408,2000,RR,nk_complexity_rr_fft,87
0.0006565000000002819,1.6058958506696408,2000,RR,nk_complexity_rr,88
0.00032450000000006085,1.6058958506696408,2000,RR,nk_complexity_rr_fft,88
0.0006436999999999138,1.6058958506696408,2000,RR,nk_complexity_rr,89
0.0003428000000003095,1.6058958506696408,2000,RR,nk_complexity_rr_fft,89
0.0006826000000001997,1.6058958506696408,2000,RR,nk_complexity_rr,90
0.0003318999999999406,1.6058958506696408,2000,RR,nk_complexity_rr_fft,90
0.0006587000000002341,1.6058958506696408,2000,RR,nk_complexity_rr,91
0.0003637000000002999,1.6058958506696408,2000,RR,nk_complexity_rr_fft,91
0.000660299999999836,1.6058958506696408,2000,RR,nk_complexity_rr,92
0.0003258999999999901,1.6058958506696408,2000,RR,nk_complexity_rr_fft,92
0.00064429999999982,1.6058958506696408,2000,RR,nk_complexity_rr,93
0.0003503000000000256,1.6058958506696408,2000,RR,nk_complexity_rr_fft,93
0.0006588999999999068,1.6058958506696408,2000,RR,nk_complexity_rr,94
0.00032450000000006085,1.6058958506696408,2000,RR,nk_complexity_rr_fft,94
0.0006585000000001173,1.6058958506696408,2000,RR,nk_complexity_rr,95
0.00032480000000001397,1.6058958506696408,2000,RR,nk_complexity_rr_fft,95
0.0006556999999998148,1.6058958506696408,2000,RR,nk_complexity_rr,96
0.00031919999999985293,1.6058958506696408,2000,RR,nk_complexity_rr_fft,96
0.0006583000000000006,1.6058958506696408,2000,RR,nk_complexity_rr,97
0.0003213999999998052,1.6058958506696408,2000,RR,nk_complexity_rr_fft,97
0.0006492000000002385,1.6058958506696408,2000,RR,nk_complexity_rr,98
0.00032290000000001484,1.6058958506696408,2000,RR,nk_complexity_rr_fft,98
0.0006421999999997041,1.6058958506696408,2000,RR,nk_complexity_rr,99
0.00032610000000010686,1.6058958506696408,2000,RR,nk_complexity_rr_fft,99
0.002571000000000101,1.6297730594360378,4308,RR,nk_complexity_rr,0
0.0016662999999996764,1.6297730594360378,4308,RR,nk_complexity_rr_fft,0
0.002576599999999818,1.6297730594360378,4308,RR,nk_complexity_rr,1
0.0014294999999999725,1.6297730594360378,4308,RR,nk_complexity_rr_fft,1
0.0025311999999999557,1.6297730594360378,4308,RR,nk_complexity_rr,2
0.001401100000000266,1.6297730594360378,4308,RR,nk_complexity_rr_fft,2
0.002517100000000383,1.6297730594360378,4308,RR,nk_complexity_rr,3
0.0013583999999999818,1.6297730594360378,4308,RR,nk_complexity_rr_fft,3
0.0024820999999999316,1.6297730594360378,4308,RR,nk_complexity_rr,4
0.0013421000000000127,1.6297730594360378,4308,RR,nk_complexity_rr_fft,4
0.0028173000000002446,1.6297730594360378,4308,RR,nk_complexity_rr,5
0.0013342999999998995,1.6297730594360378,4308,RR,nk_complexity_rr_fft,5
0.002390699999999857,1.6297730594360378,4308,RR,nk_complexity_rr,6
0.0013117000000000267,1.6297730594360378,4308,RR,nk_complexity_rr_fft,6
0.0024228000000001693,1.6297730594360378,4308,RR,nk_complexity_rr,7
0.0014454999999999885,1.6297730594360378,4308,RR,nk_complexity_rr_fft,7
0.0024304000000001658,1.6297730594360378,4308,RR,nk_complexity_rr,8
0.0013727000000001155,1.6297730594360378,4308,RR,nk_complexity_rr_fft,8
0.002417700000000078,1.6297730594360378,4308,RR,nk_complexity_rr,9
0.0013564000000001464,1.6297730594360378,4308,RR,nk_complexity_rr_fft,9
0.002447000000000088,1.6297730594360378,4308,RR,nk_complexity_rr,10
0.0013192000000001869,1.6297730594360378,4308,RR,nk_complexity_rr_fft,10
0.0024280000000000967,1.6297730594360378,4308,RR,nk_complexity_rr,11
0.0013743000000001615,1.6297730594360378,4308,RR,nk_complexity_rr_fft,11
0.0025295000000000734,1.6297730594360378,4308,RR,nk_complexity_rr,12
0.001346199999999964,1.6297730594360378,4308,RR,nk_complexity_rr_fft,12
0.002412099999999917,1.6297730594360378,4308,RR,nk_complexity_rr,13
0.001332600000000017,1.6297730594360378,4308,RR,nk_complexity_rr_fft,13
0.002403000000000155,1.6297730594360378,4308,RR,nk_complexity_rr,14
0.0013263000000001135,1.6297730594360378,4308,RR,nk_complexity_rr_fft,14
0.002411799999999964,1.6297730594360378,4308,RR,nk_complexity_rr,15
0.0013655999999997448,1.6297730594360378,4308,RR,nk_complexity_rr_fft,15
0.0025808000000000497,1.6297730594360378,4308,RR,nk_complexity_rr,16
0.0015477000000001517,1.6297730594360378,4308,RR,nk_complexity_rr_fft,16
0.002519799999999961,1.6297730594360378,4308,RR,nk_complexity_rr,17
0.0013517000000002888,1.6297730594360378,4308,RR,nk_complexity_rr_fft,17
0.00247950000000019,1.6297730594360378,4308,RR,nk_complexity_rr,18
0.0013787999999999023,1.6297730594360378,4308,RR,nk_complexity_rr_fft,18
0.0025366,1.6297730594360378,4308,RR,nk_complexity_rr,19
0.0014528999999998682,1.6297730594360378,4308,RR,nk_complexity_rr_fft,19
0.002561899999999895,1.6297730594360378,4308,RR,nk_complexity_rr,20
0.001398700000000197,1.6297730594360378,4308,RR,nk_complexity_rr_fft,20
0.0025227000000001,1.6297730594360378,4308,RR,nk_complexity_rr,21
0.0013792999999999722,1.6297730594360378,4308,RR,nk_complexity_rr_fft,21
0.0024569999999997094,1.6297730594360378,4308,RR,nk_complexity_rr,22
0.001365100000000119,1.6297730594360378,4308,RR,nk_complexity_rr_fft,22
0.00256539999999994,1.6297730594360378,4308,RR,nk_complexity_rr,23
0.0014145000000000962,1.6297730594360378,4308,RR,nk_complexity_rr_fft,23
0.0024717000000000766,1.6297730594360378,4308,RR,nk_complexity_rr,24
0.0013543000000000305,1.6297730594360378,4308,RR,nk_complexity_rr_fft,24
0.002470199999999867,1.6297730594360378,4308,RR,nk_complexity_rr,25
0.001365399999999628,1.6297730594360378,4308,RR,nk_complexity_rr_fft,25
0.0025007000000001334,1.6297730594360378,4308,RR,nk_complexity_rr,26
0.0014246999999998344,1.6297730594360378,4308,RR,nk_complexity_rr_fft,26
0.0025492999999996435,1.6297730594360378,4308,RR,nk_complexity_rr,27
0.00159419999999999,1.6297730594360378,4308,RR,nk_complexity_rr_fft,27
0.0024983999999999007,1.6297730594360378,4308,RR,nk_complexity_rr,28
0.0014405000000001777,1.6297730594360378,4308,RR,nk_complexity_rr_fft,28
0.00258029999999998,1.6297730594360378,4308,RR,nk_complexity_rr,29
0.0014166000000002121,1.6297730594360378,4308,RR,nk_complexity_rr_fft,29
0.0025637000000000576,1.6297730594360378,4308,RR,nk_complexity_rr,30
0.0015119999999999578,1.6297730594360378,4308,RR,nk_complexity_rr_fft,30
0.0025413000000003017,1.6297730594360378,4308,RR,nk_complexity_rr,31
0.0014014000000002191,1.6297730594360378,4308,RR,nk_complexity_rr_fft,31
0.0025081999999998494,1.6297730594360378,4308,RR,nk_complexity_rr,32
0.0013831999999998068,1.6297730594360378,4308,RR,nk_complexity_rr_fft,32
0.0025028000000002493,1.6297730594360378,4308,RR,nk_complexity_rr,33
0.0014997000000001037,1.6297730594360378,4308,RR,nk_complexity_rr_fft,33
0.0025509000000001336,1.6297730594360378,4308,RR,nk_complexity_rr,34
0.0014327999999999008,1.6297730594360378,4308,RR,nk_complexity_rr_fft,34
0.0025200000000000777,1.6297730594360378,4308,RR,nk_complexity_rr,35
0.0013846000000001801,1.6297730594360378,4308,RR,nk_complexity_rr_fft,35
0.002512299999999801,1.6297730594360378,4308,RR,nk_complexity_rr,36
0.0013814000000000881,1.6297730594360378,4308,RR,nk_complexity_rr_fft,36
0.0025357000000001406,1.6297730594360378,4308,RR,nk_complexity_rr,37
0.001369399999999743,1.6297730594360378,4308,RR,nk_complexity_rr_fft,37
0.0025572999999998736,1.6297730594360378,4308,RR,nk_complexity_rr,38
0.0014413000000002008,1.6297730594360378,4308,RR,nk_complexity_rr_fft,38
0.00253070000000033,1.6297730594360378,4308,RR,nk_complexity_rr,39
0.001386699999999852,1.6297730594360378,4308,RR,nk_complexity_rr_fft,39
0.002517899999999962,1.6297730594360378,4308,RR,nk_complexity_rr,40
0.0013797000000002058,1.6297730594360378,4308,RR,nk_complexity_rr_fft,40
0.0025317000000000256,1.6297730594360378,4308,RR,nk_complexity_rr,41
0.0013940999999997317,1.6297730594360378,4308,RR,nk_complexity_rr_fft,41
0.002544599999999786,1.6297730594360378,4308,RR,nk_complexity_rr,42
0.0014092000000003324,1.6297730594360378,4308,RR,nk_complexity_rr_fft,42
0.0025159999999999627,1.6297730594360378,4308,RR,nk_complexity_rr,43
0.0013823999999997838,1.6297730594360378,4308,RR,nk_complexity_rr_fft,43
0.0025420000000000442,1.6297730594360378,4308,RR,nk_complexity_rr,44
0.0013622999999998164,1.6297730594360378,4308,RR,nk_complexity_rr_fft,44
0.0024621000000002446,1.6297730594360378,4308,RR,nk_complexity_rr,45
0.0013849000000001332,1.6297730594360378,4308,RR,nk_complexity_rr_fft,45
0.002526700000000215,1.6297730594360378,4308,RR,nk_complexity_rr,46
0.0013671999999997908,1.6297730594360378,4308,RR,nk_complexity_rr_fft,46
0.0024668000000001022,1.6297730594360378,4308,RR,nk_complexity_rr,47
0.0014772000000000673,1.6297730594360378,4308,RR,nk_complexity_rr_fft,47
0.0024911999999996937,1.6297730594360378,4308,RR,nk_complexity_rr,48
0.0013968000000001979,1.6297730594360378,4308,RR,nk_complexity_rr_fft,48
0.0025463999999999487,1.6297730594360378,4308,RR,nk_complexity_rr,49
0.001590699999999945,1.6297730594360378,4308,RR,nk_complexity_rr_fft,49
0.0025412000000000212,1.6297730594360378,4308,RR,nk_complexity_rr,50
0.0014088999999999352,1.6297730594360378,4308,RR,nk_complexity_rr_fft,50
0.003001699999999996,1.6297730594360378,4308,RR,nk_complexity_rr,51
0.001806199999999869,1.6297730594360378,4308,RR,nk_complexity_rr_fft,51
0.002561199999999708,1.6297730594360378,4308,RR,nk_complexity_rr,52
0.0014331999999996903,1.6297730594360378,4308,RR,nk_complexity_rr_fft,52
0.0025546999999996878,1.6297730594360378,4308,RR,nk_complexity_rr,53
0.0014126999999999335,1.6297730594360378,4308,RR,nk_complexity_rr_fft,53
0.002610999999999919,1.6297730594360378,4308,RR,nk_complexity_rr,54
0.0014039999999999608,1.6297730594360378,4308,RR,nk_complexity_rr_fft,54
0.002495500000000206,1.6297730594360378,4308,RR,nk_complexity_rr,55
0.0013767000000002305,1.6297730594360378,4308,RR,nk_complexity_rr_fft,55
0.0024959999999998317,1.6297730594360378,4308,RR,nk_complexity_rr,56
0.001567800000000119,1.6297730594360378,4308,RR,nk_complexity_rr_fft,56
0.0026676000000001032,1.6297730594360378,4308,RR,nk_complexity_rr,57
0.001501399999999986,1.6297730594360378,4308,RR,nk_complexity_rr_fft,57
0.002539300000000022,1.6297730594360378,4308,RR,nk_complexity_rr,58
0.0014468999999999177,1.6297730594360378,4308,RR,nk_complexity_rr_fft,58
0.0024573000000001066,1.6297730594360378,4308,RR,nk_complexity_rr,59
0.0013693000000003508,1.6297730594360378,4308,RR,nk_complexity_rr_fft,59
0.002508900000000036,1.6297730594360378,4308,RR,nk_complexity_rr,60
0.0014975999999999878,1.6297730594360378,4308,RR,nk_complexity_rr_fft,60
0.002667500000000267,1.6297730594360378,4308,RR,nk_complexity_rr,61
0.0014398999999998274,1.6297730594360378,4308,RR,nk_complexity_rr_fft,61
0.0025785999999996534,1.6297730594360378,4308,RR,nk_complexity_rr,62
0.0014520000000000088,1.6297730594360378,4308,RR,nk_complexity_rr_fft,62
0.0025710999999999373,1.6297730594360378,4308,RR,nk_complexity_rr,63
0.0014327999999999008,1.6297730594360378,4308,RR,nk_complexity_rr_fft,63
0.0025782999999997003,1.6297730594360378,4308,RR,nk_complexity_rr,64
0.0014327999999999008,1.6297730594360378,4308,RR,nk_complexity_rr_fft,64
0.0025607000000000824,1.6297730594360378,4308,RR,nk_complexity_rr,65
0.0014115999999999573,1.6297730594360378,4308,RR,nk_complexity_rr_fft,65
0.00256489999999987,1.6297730594360378,4308,RR,nk_complexity_rr,66
0.001410700000000098,1.6297730594360378,4308,RR,nk_complexity_rr_fft,66
0.0025610000000000355,1.6297730594360378,4308,RR,nk_complexity_rr,67
0.0014211999999997893,1.6297730594360378,4308,RR,nk_complexity_rr_fft,67
0.0024820000000000952,1.6297730594360378,4308,RR,nk_complexity_rr,68
0.0014327000000000645,1.6297730594360378,4308,RR,nk_complexity_rr_fft,68
0.002539000000000069,1.6297730594360378,4308,RR,nk_complexity_rr,69
0.0014197000000000237,1.6297730594360378,4308,RR,nk_complexity_rr_fft,69
0.002517700000000289,1.6297730594360378,4308,RR,nk_complexity_rr,70
0.0014250000000002316,1.6297730594360378,4308,RR,nk_complexity_rr_fft,70
0.0025726999999999833,1.6297730594360378,4308,RR,nk_complexity_rr,71
0.0014544999999999142,1.6297730594360378,4308,RR,nk_complexity_rr_fft,71
0.0025102999999999653,1.6297730594360378,4308,RR,nk_complexity_rr,72
0.0013820999999998307,1.6297730594360378,4308,RR,nk_complexity_rr_fft,72
0.002505199999999874,1.6297730594360378,4308,RR,nk_complexity_rr,73
0.001378199999999996,1.6297730594360378,4308,RR,nk_complexity_rr_fft,73
0.002508100000000013,1.6297730594360378,4308,RR,nk_complexity_rr,74
0.0013814000000000881,1.6297730594360378,4308,RR,nk_complexity_rr_fft,74
0.0025960000000000427,1.6297730594360378,4308,RR,nk_complexity_rr,75
0.0014241999999997645,1.6297730594360378,4308,RR,nk_complexity_rr_fft,75
0.002509199999999989,1.6297730594360378,4308,RR,nk_complexity_rr,76
0.0013828000000000173,1.6297730594360378,4308,RR,nk_complexity_rr_fft,76
0.002511300000000105,1.6297730594360378,4308,RR,nk_complexity_rr,77
0.0014017000000001723,1.6297730594360378,4308,RR,nk_complexity_rr_fft,77
0.002504599999999968,1.6297730594360378,4308,RR,nk_complexity_rr,78
0.0014319000000000415,1.6297730594360378,4308,RR,nk_complexity_rr_fft,78
0.0025543999999997347,1.6297730594360378,4308,RR,nk_complexity_rr,79
0.0014182000000002581,1.6297730594360378,4308,RR,nk_complexity_rr_fft,79
0.00250780000000006,1.6297730594360378,4308,RR,nk_complexity_rr,80
0.0013799000000003225,1.6297730594360378,4308,RR,nk_complexity_rr_fft,80
0.0025218999999996328,1.6297730594360378,4308,RR,nk_complexity_rr,81
0.0014223000000002095,1.6297730594360378,4308,RR,nk_complexity_rr_fft,81
0.0024796000000000262,1.6297730594360378,4308,RR,nk_complexity_rr,82
0.0014167000000000485,1.6297730594360378,4308,RR,nk_complexity_rr_fft,82
0.002510200000000129,1.6297730594360378,4308,RR,nk_complexity_rr,83
0.001403200000000382,1.6297730594360378,4308,RR,nk_complexity_rr_fft,83
0.00255099999999997,1.6297730594360378,4308,RR,nk_complexity_rr,84
0.0014351000000001335,1.6297730594360378,4308,RR,nk_complexity_rr_fft,84
0.0025516999999997125,1.6297730594360378,4308,RR,nk_complexity_rr,85
0.0013901000000000607,1.6297730594360378,4308,RR,nk_complexity_rr_fft,85
0.0025213000000001706,1.6297730594360378,4308,RR,nk_complexity_rr,86
0.0014249999999997875,1.6297730594360378,4308,RR,nk_complexity_rr_fft,86
0.002509899999999732,1.6297730594360378,4308,RR,nk_complexity_rr,87
0.0013822000000001111,1.6297730594360378,4308,RR,nk_complexity_rr_fft,87
0.002507000000000037,1.6297730594360378,4308,RR,nk_complexity_rr,88
0.001389399999999874,1.6297730594360378,4308,RR,nk_complexity_rr_fft,88
0.0025412000000000212,1.6297730594360378,4308,RR,nk_complexity_rr,89
0.0013991999999998228,1.6297730594360378,4308,RR,nk_complexity_rr_fft,89
0.0026020999999998295,1.6297730594360378,4308,RR,nk_complexity_rr,90
0.001402999999999821,1.6297730594360378,4308,RR,nk_complexity_rr_fft,90
0.002479499999999746,1.6297730594360378,4308,RR,nk_complexity_rr,91
0.001487800000000039,1.6297730594360378,4308,RR,nk_complexity_rr_fft,91
0.0025471000000001354,1.6297730594360378,4308,RR,nk_complexity_rr,92
0.001511799999999841,1.6297730594360378,4308,RR,nk_complexity_rr_fft,92
0.0025677000000001726,1.6297730594360378,4308,RR,nk_complexity_rr,93
0.0014129000000000502,1.6297730594360378,4308,RR,nk_complexity_rr_fft,93
0.0025628000000001983,1.6297730594360378,4308,RR,nk_complexity_rr,94
0.0014031999999999378,1.6297730594360378,4308,RR,nk_complexity_rr_fft,94
0.0025042000000001785,1.6297730594360378,4308,RR,nk_complexity_rr,95
0.0014047000000001475,1.6297730594360378,4308,RR,nk_complexity_rr_fft,95
0.002518499999999868,1.6297730594360378,4308,RR,nk_complexity_rr,96
0.0013822000000001111,1.6297730594360378,4308,RR,nk_complexity_rr_fft,96
0.002505999999999897,1.6297730594360378,4308,RR,nk_complexity_rr,97
0.0013996999999998927,1.6297730594360378,4308,RR,nk_complexity_rr_fft,97
0.0025297999999995824,1.6297730594360378,4308,RR,nk_complexity_rr,98
0.0014004999999999157,1.6297730594360378,4308,RR,nk_complexity_rr_fft,98
0.002504899999999921,1.6297730594360378,4308,RR,nk_complexity_rr,99
0.0013777999999997625,1.6297730594360378,4308,RR,nk_complexity_rr_fft,99
0.01518940000000013,1.6098335412000042,9284,RR,nk_complexity_rr,0
0.004709200000000191,1.6098335412000044,9284,RR,nk_complexity_rr_fft,0
0.015682900000000277,1.6098335412000042,9284,RR,nk_complexity_rr,1
0.004853100000000055,1.6098335412000044,9284,RR,nk_complexity_rr_fft,1
0.01499600000000001,1.6098335412000042,9284,RR,nk_complexity_rr,2
0.005039599999999922,1.6098335412000044,9284,RR,nk_complexity_rr_fft,2
0.01534269999999971,1.6098335412000042,9284,RR,nk_complexity_rr,3
0.004252900000000004,1.6098335412000044,9284,RR,nk_complexity_rr_fft,3
0.014839600000000175,1.6098335412000042,9284,RR,nk_complexity_rr,4
0.004409799999999908,1.6098335412000044,9284,RR,nk_complexity_rr_fft,4
0.015055999999999958,1.6098335412000042,9284,RR,nk_complexity_rr,5
0.004618999999999929,1.6098335412000044,9284,RR,nk_complexity_rr_fft,5
0.014946700000000313,1.6098335412000042,9284,RR,nk_complexity_rr,6
0.004510300000000189,1.6098335412000044,9284,RR,nk_complexity_rr_fft,6
0.01497370000000009,1.6098335412000042,9284,RR,nk_complexity_rr,7
0.004263400000000139,1.6098335412000044,9284,RR,nk_complexity_rr_fft,7
0.014902499999999819,1.6098335412000042,9284,RR,nk_complexity_rr,8
0.00447210000000009,1.6098335412000044,9284,RR,nk_complexity_rr_fft,8
0.014946699999999868,1.6098335412000042,9284,RR,nk_complexity_rr,9
0.0045071999999999335,1.6098335412000044,9284,RR,nk_complexity_rr_fft,9
0.015648399999999896,1.6098335412000042,9284,RR,nk_complexity_rr,10
0.004840600000000084,1.6098335412000044,9284,RR,nk_complexity_rr_fft,10
0.015586899999999737,1.6098335412000042,9284,RR,nk_complexity_rr,11
0.004750900000000335,1.6098335412000044,9284,RR,nk_complexity_rr_fft,11
0.01509589999999994,1.6098335412000042,9284,RR,nk_complexity_rr,12
0.004788099999999851,1.6098335412000044,9284,RR,nk_complexity_rr_fft,12
0.014831599999999945,1.6098335412000042,9284,RR,nk_complexity_rr,13
0.004184700000000596,1.6098335412000044,9284,RR,nk_complexity_rr_fft,13
0.01492059999999995,1.6098335412000042,9284,RR,nk_complexity_rr,14
0.0042634999999995316,1.6098335412000044,9284,RR,nk_complexity_rr_fft,14
0.014664599999999695,1.6098335412000042,9284,RR,nk_complexity_rr,15
0.0044605000000004225,1.6098335412000044,9284,RR,nk_complexity_rr_fft,15
0.014464400000000488,1.6098335412000042,9284,RR,nk_complexity_rr,16
0.004604899999999468,1.6098335412000044,9284,RR,nk_complexity_rr_fft,16
0.014624799999999993,1.6098335412000042,9284,RR,nk_complexity_rr,17
0.00497769999999953,1.6098335412000044,9284,RR,nk_complexity_rr_fft,17
0.014779200000000436,1.6098335412000042,9284,RR,nk_complexity_rr,18
0.004211399999999976,1.6098335412000044,9284,RR,nk_complexity_rr_fft,18
0.014757000000000353,1.6098335412000042,9284,RR,nk_complexity_rr,19
0.004063000000000372,1.6098335412000044,9284,RR,nk_complexity_rr_fft,19
0.01426490000000058,1.6098335412000042,9284,RR,nk_complexity_rr,20
0.004076000000000413,1.6098335412000044,9284,RR,nk_complexity_rr_fft,20
0.014132299999999987,1.6098335412000042,9284,RR,nk_complexity_rr,21
0.004526400000000486,1.6098335412000044,9284,RR,nk_complexity_rr_fft,21
0.014330900000000035,1.6098335412000042,9284,RR,nk_complexity_rr,22
0.004331500000000155,1.6098335412000044,9284,RR,nk_complexity_rr_fft,22
0.014254999999999463,1.6098335412000042,9284,RR,nk_complexity_rr,23
0.004145799999999866,1.6098335412000044,9284,RR,nk_complexity_rr_fft,23
0.014510899999999438,1.6098335412000042,9284,RR,nk_complexity_rr,24
0.0041719999999996205,1.6098335412000044,9284,RR,nk_complexity_rr_fft,24
0.014513599999999904,1.6098335412000042,9284,RR,nk_complexity_rr,25
0.004304399999999653,1.6098335412000044,9284,RR,nk_complexity_rr_fft,25
0.014605699999999722,1.6098335412000042,9284,RR,nk_complexity_rr,26
0.004200200000000542,1.6098335412000044,9284,RR,nk_complexity_rr_fft,26
0.014549800000000168,1.6098335412000042,9284,RR,nk_complexity_rr,27
0.004952399999999635,1.6098335412000044,9284,RR,nk_complexity_rr_fft,27
0.01457179999999969,1.6098335412000042,9284,RR,nk_complexity_rr,28
0.004328300000000063,1.6098335412000044,9284,RR,nk_complexity_rr_fft,28
0.014625800000000133,1.6098335412000042,9284,RR,nk_complexity_rr,29
0.00445609999999963,1.6098335412000044,9284,RR,nk_complexity_rr_fft,29
0.01463239999999999,1.6098335412000042,9284,RR,nk_complexity_rr,30
0.004279800000000833,1.6098335412000044,9284,RR,nk_complexity_rr_fft,30
0.015000200000000241,1.6098335412000042,9284,RR,nk_complexity_rr,31
0.0043952000000002656,1.6098335412000044,9284,RR,nk_complexity_rr_fft,31
0.015098699999999354,1.6098335412000042,9284,RR,nk_complexity_rr,32
0.00490730000000017,1.6098335412000044,9284,RR,nk_complexity_rr_fft,32
0.014887799999999451,1.6098335412000042,9284,RR,nk_complexity_rr,33
0.004699800000000032,1.6098335412000044,9284,RR,nk_complexity_rr_fft,33
0.01476349999999993,1.6098335412000042,9284,RR,nk_complexity_rr,34
0.004322799999999738,1.6098335412000044,9284,RR,nk_complexity_rr_fft,34
0.014371300000000531,1.6098335412000042,9284,RR,nk_complexity_rr,35
0.004409899999999745,1.6098335412000044,9284,RR,nk_complexity_rr_fft,35
0.014318400000000508,1.6098335412000042,9284,RR,nk_complexity_rr,36
0.004455300000000051,1.6098335412000044,9284,RR,nk_complexity_rr_fft,36
0.01407789999999931,1.6098335412000042,9284,RR,nk_complexity_rr,37
0.004238700000000151,1.6098335412000044,9284,RR,nk_complexity_rr_fft,37
0.014128000000000362,1.6098335412000042,9284,RR,nk_complexity_rr,38
0.004988100000000273,1.6098335412000044,9284,RR,nk_complexity_rr_fft,38
0.014428099999999944,1.6098335412000042,9284,RR,nk_complexity_rr,39
0.005276199999999953,1.6098335412000044,9284,RR,nk_complexity_rr_fft,39
0.015235999999999805,1.6098335412000042,9284,RR,nk_complexity_rr,40
0.004859599999999631,1.6098335412000044,9284,RR,nk_complexity_rr_fft,40
0.014968599999999554,1.6098335412000042,9284,RR,nk_complexity_rr,41
0.004562299999999908,1.6098335412000044,9284,RR,nk_complexity_rr_fft,41
0.014338300000000359,1.6098335412000042,9284,RR,nk_complexity_rr,42
0.004479799999999479,1.6098335412000044,9284,RR,nk_complexity_rr_fft,42
0.014383600000000385,1.6098335412000042,9284,RR,nk_complexity_rr,43
0.004988999999999244,1.6098335412000044,9284,RR,nk_complexity_rr_fft,43
0.014502700000000424,1.6098335412000042,9284,RR,nk_complexity_rr,44
0.004531400000000296,1.6098335412000044,9284,RR,nk_complexity_rr_fft,44
0.014529500000000084,1.6098335412000042,9284,RR,nk_complexity_rr,45
0.004288900000000595,1.6098335412000044,9284,RR,nk_complexity_rr_fft,45
0.014355100000000398,1.6098335412000042,9284,RR,nk_complexity_rr,46
0.004223000000000532,1.6098335412000044,9284,RR,nk_complexity_rr_fft,46
0.014725399999999667,1.6098335412000042,9284,RR,nk_complexity_rr,47
0.004836700000000249,1.6098335412000044,9284,RR,nk_complexity_rr_fft,47
0.014871700000000487,1.6098335412000042,9284,RR,nk_complexity_rr,48
0.004912500000000541,1.6098335412000044,9284,RR,nk_complexity_rr_fft,48
0.015147400000000033,1.6098335412000042,9284,RR,nk_complexity_rr,49
0.004614600000000024,1.6098335412000044,9284,RR,nk_complexity_rr_fft,49
0.015244199999999708,1.6098335412000042,9284,RR,nk_complexity_rr,50
0.004536099999999266,1.6098335412000044,9284,RR,nk_complexity_rr_fft,50
0.015056600000000309,1.6098335412000042,9284,RR,nk_complexity_rr,51
0.004868300000000048,1.6098335412000044,9284,RR,nk_complexity_rr_fft,51
0.014987500000000153,1.6098335412000042,9284,RR,nk_complexity_rr,52
0.004640600000000106,1.6098335412000044,9284,RR,nk_complexity_rr_fft,52
0.014753000000000682,1.6098335412000042,9284,RR,nk_complexity_rr,53
0.004649600000000476,1.6098335412000044,9284,RR,nk_complexity_rr_fft,53
0.014672400000000252,1.6098335412000042,9284,RR,nk_complexity_rr,54
0.0043798000000006,1.6098335412000044,9284,RR,nk_complexity_rr_fft,54
0.014743300000000126,1.6098335412000042,9284,RR,nk_complexity_rr,55
0.005092199999999991,1.6098335412000044,9284,RR,nk_complexity_rr_fft,55
0.014680199999999921,1.6098335412000042,9284,RR,nk_complexity_rr,56
0.004589900000000036,1.6098335412000044,9284,RR,nk_complexity_rr_fft,56
0.014769599999999272,1.6098335412000042,9284,RR,nk_complexity_rr,57
0.0044490999999995395,1.6098335412000044,9284,RR,nk_complexity_rr_fft,57
0.014470199999999878,1.6098335412000042,9284,RR,nk_complexity_rr,58
0.004558700000000471,1.6098335412000044,9284,RR,nk_complexity_rr_fft,58
0.014587200000000244,1.6098335412000042,9284,RR,nk_complexity_rr,59
0.005127299999999835,1.6098335412000044,9284,RR,nk_complexity_rr_fft,59
0.014680300000000202,1.6098335412000042,9284,RR,nk_complexity_rr,60
0.004200199999999654,1.6098335412000044,9284,RR,nk_complexity_rr_fft,60
0.016874500000000126,1.6098335412000042,9284,RR,nk_complexity_rr,61
0.0056330999999998355,1.6098335412000044,9284,RR,nk_complexity_rr_fft,61
0.014626699999999992,1.6098335412000042,9284,RR,nk_complexity_rr,62
0.004414999999999836,1.6098335412000044,9284,RR,nk_complexity_rr_fft,62
0.014249699999999699,1.6098335412000042,9284,RR,nk_complexity_rr,63
0.004968600000000656,1.6098335412000044,9284,RR,nk_complexity_rr_fft,63
0.014740100000000034,1.6098335412000042,9284,RR,nk_complexity_rr,64
0.0046173000000004905,1.6098335412000044,9284,RR,nk_complexity_rr_fft,64
0.0146683000000003,1.6098335412000042,9284,RR,nk_complexity_rr,65
0.004649999999999821,1.6098335412000044,9284,RR,nk_complexity_rr_fft,65
0.014824500000000462,1.6098335412000042,9284,RR,nk_complexity_rr,66
0.005132200000000253,1.6098335412000044,9284,RR,nk_complexity_rr_fft,66
0.014941499999999941,1.6098335412000042,9284,RR,nk_complexity_rr,67
0.0052547000000000565,1.6098335412000044,9284,RR,nk_complexity_rr_fft,67
0.014963700000000024,1.6098335412000042,9284,RR,nk_complexity_rr,68
0.004674600000000417,1.6098335412000044,9284,RR,nk_complexity_rr_fft,68
0.015047499999999658,1.6098335412000042,9284,RR,nk_complexity_rr,69
0.004551000000000194,1.6098335412000044,9284,RR,nk_complexity_rr_fft,69
0.015160500000000354,1.6098335412000042,9284,RR,nk_complexity_rr,70
0.004642800000000058,1.6098335412000044,9284,RR,nk_complexity_rr_fft,70
0.015228300000000417,1.6098335412000042,9284,RR,nk_complexity_rr,71
0.005036900000000344,1.6098335412000044,9284,RR,nk_complexity_rr_fft,71
0.014677500000000343,1.6098335412000042,9284,RR,nk_complexity_rr,72
0.004822499999999508,1.6098335412000044,9284,RR,nk_complexity_rr_fft,72
0.014951100000000217,1.6098335412000042,9284,RR,nk_complexity_rr,73
0.004479899999999759,1.6098335412000044,9284,RR,nk_complexity_rr_fft,73
0.014866500000000116,1.6098335412000042,9284,RR,nk_complexity_rr,74
0.004411499999999791,1.6098335412000044,9284,RR,nk_complexity_rr_fft,74
0.01489370000000001,1.6098335412000042,9284,RR,nk_complexity_rr,75
0.005085900000000088,1.6098335412000044,9284,RR,nk_complexity_rr_fft,75
0.014988199999999452,1.6098335412000042,9284,RR,nk_complexity_rr,76
0.00477020000000028,1.6098335412000044,9284,RR,nk_complexity_rr_fft,76
0.015129799999999527,1.6098335412000042,9284,RR,nk_complexity_rr,77
0.004752200000000428,1.6098335412000044,9284,RR,nk_complexity_rr_fft,77
0.014883500000000716,1.6098335412000042,9284,RR,nk_complexity_rr,78
0.004466100000000139,1.6098335412000044,9284,RR,nk_complexity_rr_fft,78
0.01485089999999989,1.6098335412000042,9284,RR,nk_complexity_rr,79
0.005289000000000321,1.6098335412000044,9284,RR,nk_complexity_rr_fft,79
0.014954599999999374,1.6098335412000042,9284,RR,nk_complexity_rr,80
0.00450890000000026,1.6098335412000044,9284,RR,nk_complexity_rr_fft,80
0.014582299999999826,1.6098335412000042,9284,RR,nk_complexity_rr,81
0.00483380000000011,1.6098335412000044,9284,RR,nk_complexity_rr_fft,81
0.01476860000000002,1.6098335412000042,9284,RR,nk_complexity_rr,82
0.004508399999999746,1.6098335412000044,9284,RR,nk_complexity_rr_fft,82
0.01490359999999935,1.6098335412000042,9284,RR,nk_complexity_rr,83
0.005003900000000172,1.6098335412000044,9284,RR,nk_complexity_rr_fft,83
0.015183299999999456,1.6098335412000042,9284,RR,nk_complexity_rr,84
0.004438899999999357,1.6098335412000044,9284,RR,nk_complexity_rr_fft,84
0.01513220000000004,1.6098335412000042,9284,RR,nk_complexity_rr,85
0.00505829999999996,1.6098335412000044,9284,RR,nk_complexity_rr_fft,85
0.01519090000000034,1.6098335412000042,9284,RR,nk_complexity_rr,86
0.004811199999999793,1.6098335412000044,9284,RR,nk_complexity_rr_fft,86
0.014911200000000235,1.6098335412000042,9284,RR,nk_complexity_rr,87
0.004902399999999751,1.6098335412000044,9284,RR,nk_complexity_rr_fft,87
0.016430999999999862,1.6098335412000042,9284,RR,nk_complexity_rr,88
0.004524100000000253,1.6098335412000044,9284,RR,nk_complexity_rr_fft,88
0.015128400000000042,1.6098335412000042,9284,RR,nk_complexity_rr,89
0.004923599999999695,1.6098335412000044,9284,RR,nk_complexity_rr_fft,89
0.014865400000000584,1.6098335412000042,9284,RR,nk_complexity_rr,90
0.004754600000000053,1.6098335412000044,9284,RR,nk_complexity_rr_fft,90
0.014911600000000469,1.6098335412000042,9284,RR,nk_complexity_rr,91
0.004701999999999984,1.6098335412000044,9284,RR,nk_complexity_rr_fft,91
0.015031099999999853,1.6098335412000042,9284,RR,nk_complexity_rr,92
0.004464399999999813,1.6098335412000044,9284,RR,nk_complexity_rr_fft,92
0.014875400000000205,1.6098335412000042,9284,RR,nk_complexity_rr,93
0.004744900000000385,1.6098335412000044,9284,RR,nk_complexity_rr_fft,93
0.014942100000000735,1.6098335412000042,9284,RR,nk_complexity_rr,94
0.005005199999999377,1.6098335412000044,9284,RR,nk_complexity_rr_fft,94
0.014858799999999839,1.6098335412000042,9284,RR,nk_complexity_rr,95
0.00471749999999993,1.6098335412000044,9284,RR,nk_complexity_rr_fft,95
0.014927400000000368,1.6098335412000042,9284,RR,nk_complexity_rr,96
0.004496399999999845,1.6098335412000044,9284,RR,nk_complexity_rr_fft,96
0.01485300000000045,1.6098335412000042,9284,RR,nk_complexity_rr,97
0.004503899999999561,1.6098335412000044,9284,RR,nk_complexity_rr_fft,97
0.014864299999999275,1.6098335412000042,9284,RR,nk_complexity_rr,98
0.004771299999999812,1.6098335412000044,9284,RR,nk_complexity_rr_fft,98
0.014613100000000045,1.6098335412000042,9284,RR,nk_complexity_rr,99
0.004972099999999813,1.6098335412000044,9284,RR,nk_complexity_rr_fft,99
0.07175819999999966,1.6063710986317778,20000,RR,nk_complexity_rr,0
0.006496799999999858,1.6063710986317783,20000,RR,nk_complexity_rr_fft,0
0.07269699999999979,1.6063710986317778,20000,RR,nk_complexity_rr,1
0.00632810000000017,1.6063710986317783,20000,RR,nk_complexity_rr_fft,1
0.07360840000000035,1.6063710986317778,20000,RR,nk_complexity_rr,2
0.006362100000000481,1.6063710986317783,20000,RR,nk_complexity_rr_fft,2
0.0714598000000004,1.6063710986317778,20000,RR,nk_complexity_rr,3
0.009055800000000502,1.6063710986317783,20000,RR,nk_complexity_rr_fft,3
0.07551160000000046,1.6063710986317778,20000,RR,nk_complexity_rr,4
0.0069132999999999,1.6063710986317783,20000,RR,nk_complexity_rr_fft,4
0.07452090000000045,1.6063710986317778,20000,RR,nk_complexity_rr,5
0.0064659000000002465,1.6063710986317783,20000,RR,nk_complexity_rr_fft,5
0.07196069999999999,1.6063710986317778,20000,RR,nk_complexity_rr,6
0.0070392999999997485,1.6063710986317783,20000,RR,nk_complexity_rr_fft,6
0.07153110000000051,1.6063710986317778,20000,RR,nk_complexity_rr,7
0.00682690000000008,1.6063710986317783,20000,RR,nk_complexity_rr_fft,7
0.07178389999999979,1.6063710986317778,20000,RR,nk_complexity_rr,8
0.006523000000000501,1.6063710986317783,20000,RR,nk_complexity_rr_fft,8
0.07229839999999932,1.6063710986317778,20000,RR,nk_complexity_rr,9
0.007171300000000436,1.6063710986317783,20000,RR,nk_complexity_rr_fft,9
0.07184209999999958,1.6063710986317778,20000,RR,nk_complexity_rr,10
0.006790500000000144,1.6063710986317783,20000,RR,nk_complexity_rr_fft,10
0.06953380000000031,1.6063710986317778,20000,RR,nk_complexity_rr,11
0.0059819000000000955,1.6063710986317783,20000,RR,nk_complexity_rr_fft,11
0.06971330000000009,1.6063710986317778,20000,RR,nk_complexity_rr,12
0.006309700000000085,1.6063710986317783,20000,RR,nk_complexity_rr_fft,12
0.07021049999999995,1.6063710986317778,20000,RR,nk_complexity_rr,13
0.006348400000000254,1.6063710986317783,20000,RR,nk_complexity_rr_fft,13
0.07062860000000004,1.6063710986317778,20000,RR,nk_complexity_rr,14
0.00613829999999993,1.6063710986317783,20000,RR,nk_complexity_rr_fft,14
0.06972310000000004,1.6063710986317778,20000,RR,nk_complexity_rr,15
0.006082000000000143,1.6063710986317783,20000,RR,nk_complexity_rr_fft,15
0.07052879999999995,1.6063710986317778,20000,RR,nk_complexity_rr,16
0.006430400000000169,1.6063710986317783,20000,RR,nk_complexity_rr_fft,16
0.0707141,1.6063710986317778,20000,RR,nk_complexity_rr,17
0.0063389999999996505,1.6063710986317783,20000,RR,nk_complexity_rr_fft,17
0.06975520000000035,1.6063710986317778,20000,RR,nk_complexity_rr,18
0.006480499999999445,1.6063710986317783,20000,RR,nk_complexity_rr_fft,18
0.07006069999999998,1.6063710986317778,20000,RR,nk_complexity_rr,19
0.006237200000000165,1.6063710986317783,20000,RR,nk_complexity_rr_fft,19
0.0700409000000004,1.6063710986317778,20000,RR,nk_complexity_rr,20
0.0063131000000007376,1.6063710986317783,20000,RR,nk_complexity_rr_fft,20
0.06996439999999993,1.6063710986317778,20000,RR,nk_complexity_rr,21
0.00673039999999947,1.6063710986317783,20000,RR,nk_complexity_rr_fft,21
0.07023150000000022,1.6063710986317778,20000,RR,nk_complexity_rr,22
0.006517600000000456,1.6063710986317783,20000,RR,nk_complexity_rr_fft,22
0.06922270000000008,1.6063710986317778,20000,RR,nk_complexity_rr,23
0.005919099999999844,1.6063710986317783,20000,RR,nk_complexity_rr_fft,23
0.07036439999999988,1.6063710986317778,20000,RR,nk_complexity_rr,24
0.006714199999999337,1.6063710986317783,20000,RR,nk_complexity_rr_fft,24
0.0723963000000003,1.6063710986317778,20000,RR,nk_complexity_rr,25
0.006537899999999652,1.6063710986317783,20000,RR,nk_complexity_rr_fft,25
0.07278059999999975,1.6063710986317778,20000,RR,nk_complexity_rr,26
0.00673360000000045,1.6063710986317783,20000,RR,nk_complexity_rr_fft,26
0.0746020999999999,1.6063710986317778,20000,RR,nk_complexity_rr,27
0.006527400000000405,1.6063710986317783,20000,RR,nk_complexity_rr_fft,27
0.07316700000000065,1.6063710986317778,20000,RR,nk_complexity_rr,28
0.006862999999999175,1.6063710986317783,20000,RR,nk_complexity_rr_fft,28
0.07236389999999915,1.6063710986317778,20000,RR,nk_complexity_rr,29
0.006241900000000911,1.6063710986317783,20000,RR,nk_complexity_rr_fft,29
0.07390449999999937,1.6063710986317778,20000,RR,nk_complexity_rr,30
0.0069563000000005815,1.6063710986317783,20000,RR,nk_complexity_rr_fft,30
0.07213340000000024,1.6063710986317778,20000,RR,nk_complexity_rr,31
0.006553099999999645,1.6063710986317783,20000,RR,nk_complexity_rr_fft,31
0.07150889999999954,1.6063710986317778,20000,RR,nk_complexity_rr,32
0.006175999999999959,1.6063710986317783,20000,RR,nk_complexity_rr_fft,32
0.07055640000000096,1.6063710986317778,20000,RR,nk_complexity_rr,33
0.006307299999999572,1.6063710986317783,20000,RR,nk_complexity_rr_fft,33
0.07072249999999869,1.6063710986317778,20000,RR,nk_complexity_rr,34
0.006712399999999619,1.6063710986317783,20000,RR,nk_complexity_rr_fft,34
0.07021259999999963,1.6063710986317778,20000,RR,nk_complexity_rr,35
0.0059643000000004776,1.6063710986317783,20000,RR,nk_complexity_rr_fft,35
0.07086359999999914,1.6063710986317778,20000,RR,nk_complexity_rr,36
0.006804799999999389,1.6063710986317783,20000,RR,nk_complexity_rr_fft,36
0.07446610000000042,1.6063710986317778,20000,RR,nk_complexity_rr,37
0.007459000000000771,1.6063710986317783,20000,RR,nk_complexity_rr_fft,37
0.07766620000000124,1.6063710986317778,20000,RR,nk_complexity_rr,38
0.007025400000001625,1.6063710986317783,20000,RR,nk_complexity_rr_fft,38
0.07414559999999959,1.6063710986317778,20000,RR,nk_complexity_rr,39
0.0067035000000004175,1.6063710986317783,20000,RR,nk_complexity_rr_fft,39
0.07352050000000077,1.6063710986317778,20000,RR,nk_complexity_rr,40
0.006680400000000475,1.6063710986317783,20000,RR,nk_complexity_rr_fft,40
0.07285360000000018,1.6063710986317778,20000,RR,nk_complexity_rr,41
0.0067923000000007505,1.6063710986317783,20000,RR,nk_complexity_rr_fft,41
0.07354759999999949,1.6063710986317778,20000,RR,nk_complexity_rr,42
0.006548699999999741,1.6063710986317783,20000,RR,nk_complexity_rr_fft,42
0.07506840000000103,1.6063710986317778,20000,RR,nk_complexity_rr,43
0.007237699999999236,1.6063710986317783,20000,RR,nk_complexity_rr_fft,43
0.07343219999999917,1.6063710986317778,20000,RR,nk_complexity_rr,44
0.006546500000000677,1.6063710986317783,20000,RR,nk_complexity_rr_fft,44
0.07270439999999923,1.6063710986317778,20000,RR,nk_complexity_rr,45
0.006343600000001004,1.6063710986317783,20000,RR,nk_complexity_rr_fft,45
0.07248060000000045,1.6063710986317778,20000,RR,nk_complexity_rr,46
0.0070806000000001035,1.6063710986317783,20000,RR,nk_complexity_rr_fft,46
0.07187639999999895,1.6063710986317778,20000,RR,nk_complexity_rr,47
0.006925799999999427,1.6063710986317783,20000,RR,nk_complexity_rr_fft,47
0.07202170000000052,1.6063710986317778,20000,RR,nk_complexity_rr,48
0.006902600000000092,1.6063710986317783,20000,RR,nk_complexity_rr_fft,48
0.07208800000000082,1.6063710986317778,20000,RR,nk_complexity_rr,49
0.006646999999999181,1.6063710986317783,20000,RR,nk_complexity_rr_fft,49
0.07383079999999964,1.6063710986317778,20000,RR,nk_complexity_rr,50
0.006805700000001025,1.6063710986317783,20000,RR,nk_complexity_rr_fft,50
0.07474019999999904,1.6063710986317778,20000,RR,nk_complexity_rr,51
0.006653999999999272,1.6063710986317783,20000,RR,nk_complexity_rr_fft,51
0.07538270000000047,1.6063710986317778,20000,RR,nk_complexity_rr,52
0.0066528000000012355,1.6063710986317783,20000,RR,nk_complexity_rr_fft,52
0.07414169999999842,1.6063710986317778,20000,RR,nk_complexity_rr,53
0.0060669999999998225,1.6063710986317783,20000,RR,nk_complexity_rr_fft,53
0.07129270000000076,1.6063710986317778,20000,RR,nk_complexity_rr,54
0.0070675999999991745,1.6063710986317783,20000,RR,nk_complexity_rr_fft,54
0.07421629999999979,1.6063710986317778,20000,RR,nk_complexity_rr,55
0.007064900000001373,1.6063710986317783,20000,RR,nk_complexity_rr_fft,55
0.07341199999999937,1.6063710986317778,20000,RR,nk_complexity_rr,56
0.006584200000000706,1.6063710986317783,20000,RR,nk_complexity_rr_fft,56
0.07200499999999899,1.6063710986317778,20000,RR,nk_complexity_rr,57
0.006125700000000123,1.6063710986317783,20000,RR,nk_complexity_rr_fft,57
0.07177090000000064,1.6063710986317778,20000,RR,nk_complexity_rr,58
0.006966600000000156,1.6063710986317783,20000,RR,nk_complexity_rr_fft,58
0.07223710000000061,1.6063710986317778,20000,RR,nk_complexity_rr,59
0.00706740000000039,1.6063710986317783,20000,RR,nk_complexity_rr_fft,59
0.07406910000000089,1.6063710986317778,20000,RR,nk_complexity_rr,60
0.007009500000000557,1.6063710986317783,20000,RR,nk_complexity_rr_fft,60
0.07268839999999877,1.6063710986317778,20000,RR,nk_complexity_rr,61
0.0068291999999985364,1.6063710986317783,20000,RR,nk_complexity_rr_fft,61
0.0730877999999997,1.6063710986317778,20000,RR,nk_complexity_rr,62
0.006306200000000928,1.6063710986317783,20000,RR,nk_complexity_rr_fft,62
0.07381780000000049,1.6063710986317778,20000,RR,nk_complexity_rr,63
0.006258400000000108,1.6063710986317783,20000,RR,nk_complexity_rr_fft,63
0.07094980000000106,1.6063710986317778,20000,RR,nk_complexity_rr,64
0.006637899999999419,1.6063710986317783,20000,RR,nk_complexity_rr_fft,64
0.0710494999999991,1.6063710986317778,20000,RR,nk_complexity_rr,65
0.006678900000000709,1.6063710986317783,20000,RR,nk_complexity_rr_fft,65
0.07417569999999962,1.6063710986317778,20000,RR,nk_complexity_rr,66
0.0067094000000000875,1.6063710986317783,20000,RR,nk_complexity_rr_fft,66
0.07465689999999903,1.6063710986317778,20000,RR,nk_complexity_rr,67
0.006726699999999752,1.6063710986317783,20000,RR,nk_complexity_rr_fft,67
0.07456159999999912,1.6063710986317778,20000,RR,nk_complexity_rr,68
0.006571700000000291,1.6063710986317783,20000,RR,nk_complexity_rr_fft,68
0.07137440000000161,1.6063710986317778,20000,RR,nk_complexity_rr,69
0.006396000000000512,1.6063710986317783,20000,RR,nk_complexity_rr_fft,69
0.07184339999999878,1.6063710986317778,20000,RR,nk_complexity_rr,70
0.006858799999999832,1.6063710986317783,20000,RR,nk_complexity_rr_fft,70
0.07172549999999944,1.6063710986317778,20000,RR,nk_complexity_rr,71
0.006614300000000739,1.6063710986317783,20000,RR,nk_complexity_rr_fft,71
0.07334009999999935,1.6063710986317778,20000,RR,nk_complexity_rr,72
0.006575699999999074,1.6063710986317783,20000,RR,nk_complexity_rr_fft,72
0.07152699999999967,1.6063710986317778,20000,RR,nk_complexity_rr,73
0.006595299999998971,1.6063710986317783,20000,RR,nk_complexity_rr_fft,73
0.07209350000000114,1.6063710986317778,20000,RR,nk_complexity_rr,74
0.006767999999999219,1.6063710986317783,20000,RR,nk_complexity_rr_fft,74
0.07080280000000094,1.6063710986317778,20000,RR,nk_complexity_rr,75
0.006512599999998869,1.6063710986317783,20000,RR,nk_complexity_rr_fft,75
0.07120480000000029,1.6063710986317778,20000,RR,nk_complexity_rr,76
0.007092000000000098,1.6063710986317783,20000,RR,nk_complexity_rr_fft,76
0.07174830000000121,1.6063710986317778,20000,RR,nk_complexity_rr,77
0.006018399999998536,1.6063710986317783,20000,RR,nk_complexity_rr_fft,77
0.07192129999999963,1.6063710986317778,20000,RR,nk_complexity_rr,78
0.00704239999999956,1.6063710986317783,20000,RR,nk_complexity_rr_fft,78
0.07157149999999923,1.6063710986317778,20000,RR,nk_complexity_rr,79
0.006682299999999586,1.6063710986317783,20000,RR,nk_complexity_rr_fft,79
0.0722636000000012,1.6063710986317778,20000,RR,nk_complexity_rr,80
0.00657460000000043,1.6063710986317783,20000,RR,nk_complexity_rr_fft,80
0.0714075999999988,1.6063710986317778,20000,RR,nk_complexity_rr,81
0.006765399999999033,1.6063710986317783,20000,RR,nk_complexity_rr_fft,81
0.07124340000000018,1.6063710986317778,20000,RR,nk_complexity_rr,82
0.006260199999999827,1.6063710986317783,20000,RR,nk_complexity_rr_fft,82
0.0703914000000001,1.6063710986317778,20000,RR,nk_complexity_rr,83
0.0064317999999996545,1.6063710986317783,20000,RR,nk_complexity_rr_fft,83
0.07092989999999944,1.6063710986317778,20000,RR,nk_complexity_rr,84
0.006266300000000058,1.6063710986317783,20000,RR,nk_complexity_rr_fft,84
0.07298579999999966,1.6063710986317778,20000,RR,nk_complexity_rr,85
0.006976499999998609,1.6063710986317783,20000,RR,nk_complexity_rr_fft,85
0.07250660000000053,1.6063710986317778,20000,RR,nk_complexity_rr,86
0.006152900000000017,1.6063710986317783,20000,RR,nk_complexity_rr_fft,86
0.07001729999999995,1.6063710986317778,20000,RR,nk_complexity_rr,87
0.006253299999999129,1.6063710986317783,20000,RR,nk_complexity_rr_fft,87
0.06973239999999947,1.6063710986317778,20000,RR,nk_complexity_rr,88
0.007167300000000765,1.6063710986317783,20000,RR,nk_complexity_rr_fft,88
0.07155780000000078,1.6063710986317778,20000,RR,nk_complexity_rr,89
0.006147699999999645,1.6063710986317783,20000,RR,nk_complexity_rr_fft,89
0.06875989999999987,1.6063710986317778,20000,RR,nk_complexity_rr,90
0.006243599999999461,1.6063710986317783,20000,RR,nk_complexity_rr_fft,90
0.06968419999999931,1.6063710986317778,20000,RR,nk_complexity_rr,91
0.006304800000000554,1.6063710986317783,20000,RR,nk_complexity_rr_fft,91
0.07089120000000015,1.6063710986317778,20000,RR,nk_complexity_rr,92
0.006840000000000401,1.6063710986317783,20000,RR,nk_complexity_rr_fft,92
0.07051559999999846,1.6063710986317778,20000,RR,nk_complexity_rr,93
0.00636669999999917,1.6063710986317783,20000,RR,nk_complexity_rr_fft,93
0.07039480000000076,1.6063710986317778,20000,RR,nk_complexity_rr,94
0.00639370000000028,1.6063710986317783,20000,RR,nk_complexity_rr_fft,94
0.07003740000000036,1.6063710986317778,20000,RR,nk_complexity_rr,95
0.0064142000000000365,1.6063710986317783,20000,RR,nk_complexity_rr_fft,95
0.06916610000000034,1.6063710986317778,20000,RR,nk_complexity_rr,96
0.006185699999999628,1.6063710986317783,20000,RR,nk_complexity_rr_fft,96
0.0692301999999998,1.6063710986317778,20000,RR,nk_complexity_rr,97
0.006208400000000225,1.6063710986317783,20000,RR,nk_complexity_rr_fft,97
0.0693135999999992,1.6063710986317778,20000,RR,nk_complexity_rr,98
0.0063792999999989775,1.6063710986317783,20000,RR,nk_complexity_rr_fft,98
0.0688171999999998,1.6063710986317778,20000,RR,nk_complexity_rr,99
0.0063888999999992535,1.6063710986317783,20000,RR,nk_complexity_rr_fft,99
